Andrew Cuneo - Jeskai,Wandering Champion,1
Andrew Cuneo - Jeskai,Mardu Woe-Reaper,1
Andrew Cuneo - Jeskai,Jeskai Barricade,1
Andrew Cuneo - Jeskai,Highspire Mantis,1
Andrew Cuneo - Jeskai,Glacial Stalker,2
Andrew Cuneo - Jeskai,Efreet Weaponmaster,1
Andrew Cuneo - Jeskai,Wall of Roots,1
Andrew Cuneo - Jeskai,Riverwheel Aerialists,1
Andrew Cuneo - Jeskai,Warden of the Eye,1
Andrew Cuneo - Jeskai,Jeskai Student,1
Andrew Cuneo - Jeskai,Dazzling Ramparts,1
Andrew Cuneo - Jeskai,War Behemoth,1
Andrew Cuneo - Jeskai,Tormenting Voice,1
Andrew Cuneo - Jeskai,Set Adrift,1
Andrew Cuneo - Jeskai,Master the Way,1
Andrew Cuneo - Jeskai,Howl of the Horde,1
Andrew Cuneo - Jeskai,Pressure Point,1
Andrew Cuneo - Jeskai,Smite the Monstrous,1
Andrew Cuneo - Jeskai,Jeskai Charm,1
Andrew Cuneo - Jeskai,Weave Fate,1
Andrew Cuneo - Jeskai,Mastery of the Unseen,1
Andrew Cuneo - Jeskai,Suspension Field,1
Andrew Cuneo - Jeskai,Tranquil Cove,3
Andrew Cuneo - Jeskai,Swiftwater Cliffs,1
Andrew Cuneo - Jeskai,Mystic Monastery,1
Andrew Cuneo - Jeskai,Island,2
Andrew Cuneo - Jeskai,Plains,5
Andrew Cuneo - Jeskai,Mountain,5
Gerard Fabiano - Sultai,Aven Surveyor,1
Gerard Fabiano - Sultai,Sultai Skullkeeper,1
Gerard Fabiano - Sultai,Disowned Ancestor,1
Gerard Fabiano - Sultai,Rakshasa Vizier,1
Gerard Fabiano - Sultai,Abomination of Gudul,1
Gerard Fabiano - Sultai,Sultai Scavenger,1
Gerard Fabiano - Sultai,Krumar Bond-Kin,1
Gerard Fabiano - Sultai,Mardu Skullhunter,2
Gerard Fabiano - Sultai,Shambling Attendants,1
Gerard Fabiano - Sultai,Ponyback Brigade,1
Gerard Fabiano - Sultai,Treasure Cruise,1
Gerard Fabiano - Sultai,Bitter Revelation,2
Gerard Fabiano - Sultai,Rakshasa's Secret,1
Gerard Fabiano - Sultai,Despise,1
Gerard Fabiano - Sultai,Reach of Shadows,1
Gerard Fabiano - Sultai,Douse in Gloom,1
Gerard Fabiano - Sultai,Whisk Away,1
Gerard Fabiano - Sultai,Murderous Cut,1
Gerard Fabiano - Sultai,Throttle,2
Gerard Fabiano - Sultai,Debilitating Injury,1
Gerard Fabiano - Sultai,Jungle Hollow,1
Gerard Fabiano - Sultai,Dismal Backwater,1
Gerard Fabiano - Sultai,Swamp,7
Gerard Fabiano - Sultai,Island,6
Gerard Fabiano - Sultai,Forest,2
Jake Mondello - Temur,Feral Krushok,1
Jake Mondello - Temur,Mistfire Weaver,1
Jake Mondello - Temur,Jeskai Elder,1
Jake Mondello - Temur,Monastery Flock,1
Jake Mondello - Temur,Avalanche Tusker,2
Jake Mondello - Temur,Longshot Squad,1
Jake Mondello - Temur,Woolly Loxodon,1
Jake Mondello - Temur,Tuskguard Captain,1
Jake Mondello - Temur,Highland Game,1
Jake Mondello - Temur,Wetland Sambar,1
Jake Mondello - Temur,Leaping Master,1
Jake Mondello - Temur,Write into Being,1
Jake Mondello - Temur,Hunt the Weak,1
Jake Mondello - Temur,Ruthless Instincts,1
Jake Mondello - Temur,Winterflame,1
Jake Mondello - Temur,Temur Charm,1
Jake Mondello - Temur,Dragonscale Boon,2
Jake Mondello - Temur,Icy Blast,1
Jake Mondello - Temur,Waterwhirl,1
Jake Mondello - Temur,Cloudform,1
Jake Mondello - Temur,Thornwood Falls,2
Jake Mondello - Temur,Swiftwater Cliffs,1
Jake Mondello - Temur,Rugged Highlands,1
Jake Mondello - Temur,Wooded Foothills,1
Jake Mondello - Temur,Mountain,3
Jake Mondello - Temur,Forest,4
Jake Mondello - Temur,Island,6
Bill Tsang - Blue-Red,"Shu Yun, the Silent Tempest",1
Bill Tsang - Blue-Red,Mardu Scout,3
Bill Tsang - Blue-Red,Humble Defector,1
Bill Tsang - Blue-Red,Smoldering Efreet,1
Bill Tsang - Blue-Red,Hewed Stone Retainers,1
Bill Tsang - Blue-Red,Valley Dasher,3
Bill Tsang - Blue-Red,Summit Prowler,1
Bill Tsang - Blue-Red,Leaping Master,1
Bill Tsang - Blue-Red,Bloodfire Expert,2
Bill Tsang - Blue-Red,Bathe in Dragonfire,1
Bill Tsang - Blue-Red,Arrow Storm,2
Bill Tsang - Blue-Red,Act of Treason,2
Bill Tsang - Blue-Red,Hordeling Outburst,1
Bill Tsang - Blue-Red,Collateral Damage,1
Bill Tsang - Blue-Red,Icy Blast,1
Bill Tsang - Blue-Red,Crippling Chill,1
Bill Tsang - Blue-Red,Singing Bell Strike,1
Bill Tsang - Blue-Red,Mystic Monastery,1
Bill Tsang - Blue-Red,Island,6
Bill Tsang - Blue-Red,Mountain,9
Eric Blanchett - White-Blue,Aven Surveyor,1
Eric Blanchett - White-Blue,Lotus Path Djinn,1
Eric Blanchett - White-Blue,Sandsteppe Outcast,1
Eric Blanchett - White-Blue,Abzan Skycaptain,1
Eric Blanchett - White-Blue,Mystic of the Hidden Way,1
Eric Blanchett - White-Blue,Jeskai Student,2
Eric Blanchett - White-Blue,Riverwheel Aerialists,1
Eric Blanchett - White-Blue,War Behemoth,1
Eric Blanchett - White-Blue,Dragon's Eye Savants,1
Eric Blanchett - White-Blue,Thousand Winds,1
Eric Blanchett - White-Blue,Abzan Falconer,1
Eric Blanchett - White-Blue,Alabaster Kirin,1
Eric Blanchett - White-Blue,Venerable Lammasu,1
Eric Blanchett - White-Blue,Soul Summons,1
Eric Blanchett - White-Blue,Pressure Point,2
Eric Blanchett - White-Blue,Feat of Resistance,2
Eric Blanchett - White-Blue,Smite the Monstrous,1
Eric Blanchett - White-Blue,Crippling Chill,1
Eric Blanchett - White-Blue,Defiant Strike,1
Eric Blanchett - White-Blue,Kill Shot,1
Eric Blanchett - White-Blue,Tranquil Cove,1
Eric Blanchett - White-Blue,Island,7
Eric Blanchett - White-Blue,Plains,9
Christian Calcano - Black-Green,Abzan Beastmaster,1
Christian Calcano - Black-Green,Sibsig Muckdraggers,1
Christian Calcano - Black-Green,Whisperer of the Wilds,1
Christian Calcano - Black-Green,Feral Krushok,1
Christian Calcano - Black-Green,Abomination of Gudul,1
Christian Calcano - Black-Green,Rotting Mastodon,1
Christian Calcano - Black-Green,Shambling Attendants,1
Christian Calcano - Black-Green,Ruthless Ripper,1
Christian Calcano - Black-Green,Pine Walker,1
Christian Calcano - Black-Green,Archers' Parapet,1
Christian Calcano - Black-Green,Hooting Mandrills,1
Christian Calcano - Black-Green,"Anafenza, the Foremost",1
Christian Calcano - Black-Green,Disowned Ancestor,1
Christian Calcano - Black-Green,Krumar Bond-Kin,1
Christian Calcano - Black-Green,Hunt the Weak,1
Christian Calcano - Black-Green,Shamanic Revelation,1
Christian Calcano - Black-Green,Kin-Tree Invocation,1
Christian Calcano - Black-Green,Savage Punch,1
Christian Calcano - Black-Green,Rite of the Serpent,1
Christian Calcano - Black-Green,Scout the Borders,1
Christian Calcano - Black-Green,Grim Contest,1
Christian Calcano - Black-Green,Abzan Banner,1
Christian Calcano - Black-Green,Debilitating Injury,1
Christian Calcano - Black-Green,Scoured Barrens,1
Christian Calcano - Black-Green,Jungle Hollow,1
Christian Calcano - Black-Green,Dismal Backwater,1
Christian Calcano - Black-Green,Tranquil Cove,1
Christian Calcano - Black-Green,Blossoming Sands,1
Christian Calcano - Black-Green,Swamp,6
Christian Calcano - Black-Green,Forest,6
Yuuya Watanabe - Mardu,Daghatar the Adamant,1
Yuuya Watanabe - Mardu,Aven Skirmisher,2
Yuuya Watanabe - Mardu,Mardu Hordechief,2
Yuuya Watanabe - Mardu,Jeering Instigator,1
Yuuya Watanabe - Mardu,Unyielding Krumar,1
Yuuya Watanabe - Mardu,Chief of the Edge,1
Yuuya Watanabe - Mardu,Highspire Mantis,1
Yuuya Watanabe - Mardu,Abzan Battle Priest,1
Yuuya Watanabe - Mardu,Ponyback Brigade,1
Yuuya Watanabe - Mardu,Mardu Hateblade,1
Yuuya Watanabe - Mardu,Bathe in Dragonfire,1
Yuuya Watanabe - Mardu,Rush of Battle,2
Yuuya Watanabe - Mardu,Harsh Sustenance,3
Yuuya Watanabe - Mardu,Mardu Charm,1
Yuuya Watanabe - Mardu,Take Up Arms,1
Yuuya Watanabe - Mardu,Lightform,1
Yuuya Watanabe - Mardu,Mardu Ascendancy,1
Yuuya Watanabe - Mardu,Raiders' Spoils,1
Yuuya Watanabe - Mardu,Swamp,4
Yuuya Watanabe - Mardu,Plains,7
Yuuya Watanabe - Mardu,Mountain,2
Yuuya Watanabe - Mardu,Bloodfell Caves,2
Yuuya Watanabe - Mardu,Wind-Scarred Crag,1
Yuuya Watanabe - Mardu,Nomad Outpost,1
Ross Merriam - Sultai,Sandsteppe Mastodon,1
Ross Merriam - Sultai,Jeskai Sage,1
Ross Merriam - Sultai,Sultai Skullkeeper,1
Ross Merriam - Sultai,Feral Krushok,1
Ross Merriam - Sultai,Woolly Loxodon,1
Ross Merriam - Sultai,Kin-Tree Warden,1
Ross Merriam - Sultai,Sagu Archer,1
Ross Merriam - Sultai,Tusked Colossodon,1
Ross Merriam - Sultai,Archers' Parapet,1
Ross Merriam - Sultai,Sultai Scavenger,1
Ross Merriam - Sultai,Longshot Squad,1
Ross Merriam - Sultai,Snowhorn Rider,1
Ross Merriam - Sultai,Savage Punch,1
Ross Merriam - Sultai,Reach of Shadows,1
Ross Merriam - Sultai,Ethereal Ambush,1
Ross Merriam - Sultai,Grim Contest,1
Ross Merriam - Sultai,Whisk Away,1
Ross Merriam - Sultai,Sultai Charm,1
Ross Merriam - Sultai,Murderous Cut,1
Ross Merriam - Sultai,Disdainful Stroke,1
Ross Merriam - Sultai,Sultai Ascendancy,1
Ross Merriam - Sultai,Debilitating Injury,1
Ross Merriam - Sultai,Forest,6
Ross Merriam - Sultai,Island,5
Ross Merriam - Sultai,Swamp,3
Ross Merriam - Sultai,Jungle Hollow,1
Ross Merriam - Sultai,Thornwood Falls,1
Ross Merriam - Sultai,Dismal Backwater,1
Ross Merriam - Sultai,Bloodfell Caves,1
Maitland Cameron  Top 8 GP Auckland 2015,Disowned Ancestor,1
Maitland Cameron  Top 8 GP Auckland 2015,Krumar Bond-Kin,1
Maitland Cameron  Top 8 GP Auckland 2015,Rotting Mastodon,1
Maitland Cameron  Top 8 GP Auckland 2015,Unyielding Krumar,3
Maitland Cameron  Top 8 GP Auckland 2015,Archers' Parapet,1
Maitland Cameron  Top 8 GP Auckland 2015,Sagu Archer,1
Maitland Cameron  Top 8 GP Auckland 2015,Armament Corps,1
Maitland Cameron  Top 8 GP Auckland 2015,Ivorytusk Fortress,1
Maitland Cameron  Top 8 GP Auckland 2015,Gurmag Angler,1
Maitland Cameron  Top 8 GP Auckland 2015,Sultai Emissary,1
Maitland Cameron  Top 8 GP Auckland 2015,Typhoid Rats,1
Maitland Cameron  Top 8 GP Auckland 2015,Ainok Guide,1
Maitland Cameron  Top 8 GP Auckland 2015,End Hostilities,1
Maitland Cameron  Top 8 GP Auckland 2015,Scout the Borders,1
Maitland Cameron  Top 8 GP Auckland 2015,Throttle,1
Maitland Cameron  Top 8 GP Auckland 2015,Abzan Charm,1
Maitland Cameron  Top 8 GP Auckland 2015,Grim Contest,2
Maitland Cameron  Top 8 GP Auckland 2015,Harsh Sustenance,1
Maitland Cameron  Top 8 GP Auckland 2015,Valorous Stance,1
Maitland Cameron  Top 8 GP Auckland 2015,Forest,5
Maitland Cameron  Top 8 GP Auckland 2015,Plains,4
Maitland Cameron  Top 8 GP Auckland 2015,Swamp,6
Maitland Cameron  Top 8 GP Auckland 2015,Blossoming Sands,1
Maitland Cameron  Top 8 GP Auckland 2015,Scoured Barrens,1
Maitland Cameron  Top 8 GP Auckland 2015,Jungle Hollow,1
Jacques van Eeden  Top 8 GP Auckland 2015,Sage-Eye Harrier,2
Jacques van Eeden  Top 8 GP Auckland 2015,Kheru Bloodsucker,1
Jacques van Eeden  Top 8 GP Auckland 2015,Swarm of Bloodflies,1
Jacques van Eeden  Top 8 GP Auckland 2015,Unyielding Krumar,1
Jacques van Eeden  Top 8 GP Auckland 2015,Hooting Mandrills,1
Jacques van Eeden  Top 8 GP Auckland 2015,Sagu Archer,1
Jacques van Eeden  Top 8 GP Auckland 2015,Tuskguard Captain,1
Jacques van Eeden  Top 8 GP Auckland 2015,Alesha's Vanguard,1
Jacques van Eeden  Top 8 GP Auckland 2015,Typhoid Rats,1
Jacques van Eeden  Top 8 GP Auckland 2015,Battlefront Krushok,1
Jacques van Eeden  Top 8 GP Auckland 2015,Frontier Mastodon,2
Jacques van Eeden  Top 8 GP Auckland 2015,Warden of the First Tree,1
Jacques van Eeden  Top 8 GP Auckland 2015,Hunt the Weak,1
Jacques van Eeden  Top 8 GP Auckland 2015,Smite the Monstrous,1
Jacques van Eeden  Top 8 GP Auckland 2015,Awaken the Bear,2
Jacques van Eeden  Top 8 GP Auckland 2015,Douse in Gloom,1
Jacques van Eeden  Top 8 GP Auckland 2015,Ruthless Instincts,1
Jacques van Eeden  Top 8 GP Auckland 2015,Debilitating Injury,1
Jacques van Eeden  Top 8 GP Auckland 2015,Molting Snakeskin,2
Jacques van Eeden  Top 8 GP Auckland 2015,Forest,9
Jacques van Eeden  Top 8 GP Auckland 2015,Swamp,6
Jacques van Eeden  Top 8 GP Auckland 2015,Scoured Barrens,1
Dylan Goldsmith  Top 8 GP Auckland 2015,Embodiment of Spring,3
Dylan Goldsmith  Top 8 GP Auckland 2015,Glacial Stalker,1
Dylan Goldsmith  Top 8 GP Auckland 2015,Jeskai Windscout,1
Dylan Goldsmith  Top 8 GP Auckland 2015,Whirlwind Adept,3
Dylan Goldsmith  Top 8 GP Auckland 2015,Alpine Grizzly,1
Dylan Goldsmith  Top 8 GP Auckland 2015,Icefeather Aven,1
Dylan Goldsmith  Top 8 GP Auckland 2015,Sagu Mauler,1
Dylan Goldsmith  Top 8 GP Auckland 2015,Aven Surveyor,1
Dylan Goldsmith  Top 8 GP Auckland 2015,Lotus Path Djinn,2
Dylan Goldsmith  Top 8 GP Auckland 2015,Mistfire Adept,1
Dylan Goldsmith  Top 8 GP Auckland 2015,Crater's Claws,1
Dylan Goldsmith  Top 8 GP Auckland 2015,Force Away,1
Dylan Goldsmith  Top 8 GP Auckland 2015,Ethereal Ambush,2
Dylan Goldsmith  Top 8 GP Auckland 2015,Enhanced Awareness,1
Dylan Goldsmith  Top 8 GP Auckland 2015,Will of the Naga,2
Dylan Goldsmith  Top 8 GP Auckland 2015,Singing Bell Strike,1
Dylan Goldsmith  Top 8 GP Auckland 2015,Forest,6
Dylan Goldsmith  Top 8 GP Auckland 2015,Island,6
Dylan Goldsmith  Top 8 GP Auckland 2015,Mountain,1
Dylan Goldsmith  Top 8 GP Auckland 2015,Mystic Monastery,1
Dylan Goldsmith  Top 8 GP Auckland 2015,Rugged Highlands,1
Dylan Goldsmith  Top 8 GP Auckland 2015,Thornwood Falls,2
Jason Chung  Top 8 GP Auckland 2015,Bloodfire Expert,1
Jason Chung  Top 8 GP Auckland 2015,Leaping Master,1
Jason Chung  Top 8 GP Auckland 2015,Mardu Warshrieker,1
Jason Chung  Top 8 GP Auckland 2015,Monastery Swiftspear,1
Jason Chung  Top 8 GP Auckland 2015,Summit Prowler,1
Jason Chung  Top 8 GP Auckland 2015,Valley Dasher,3
Jason Chung  Top 8 GP Auckland 2015,Alpine Grizzly,1
Jason Chung  Top 8 GP Auckland 2015,Longshot Squad,1
Jason Chung  Top 8 GP Auckland 2015,Woolly Loxodon,2
Jason Chung  Top 8 GP Auckland 2015,Gore Swine,2
Jason Chung  Top 8 GP Auckland 2015,Frontier Mastodon,1
Jason Chung  Top 8 GP Auckland 2015,Arc Lightning,1
Jason Chung  Top 8 GP Auckland 2015,Barrage of Boulders,1
Jason Chung  Top 8 GP Auckland 2015,Roar of Challenge,1
Jason Chung  Top 8 GP Auckland 2015,Bathe in Dragonfire,3
Jason Chung  Top 8 GP Auckland 2015,Cached Defenses,1
Jason Chung  Top 8 GP Auckland 2015,Dragonrage,1
Jason Chung  Top 8 GP Auckland 2015,Forest,7
Jason Chung  Top 8 GP Auckland 2015,Mountain,9
Jason Chung  Top 8 GP Auckland 2015,Rugged Highlands,1
Teruya Kakumae  Top 8 GP Auckland 2015,Abzan Battle Priest,1
Teruya Kakumae  Top 8 GP Auckland 2015,Ainok Bond-Kin,1
Teruya Kakumae  Top 8 GP Auckland 2015,Jeskai Student,1
Teruya Kakumae  Top 8 GP Auckland 2015,War Behemoth,1
Teruya Kakumae  Top 8 GP Auckland 2015,Bellowing Saddlebrute,1
Teruya Kakumae  Top 8 GP Auckland 2015,Leaping Master,1
Teruya Kakumae  Top 8 GP Auckland 2015,War-Name Aspirant,1
Teruya Kakumae  Top 8 GP Auckland 2015,Ponyback Brigade,2
Teruya Kakumae  Top 8 GP Auckland 2015,"Kolaghan, the Storm's Fury",1
Teruya Kakumae  Top 8 GP Auckland 2015,Abzan Skycaptain,1
Teruya Kakumae  Top 8 GP Auckland 2015,Wardscale Dragon,1
Teruya Kakumae  Top 8 GP Auckland 2015,Hooded Assassin,1
Teruya Kakumae  Top 8 GP Auckland 2015,Noxious Dragon,1
Teruya Kakumae  Top 8 GP Auckland 2015,Typhoid Rats,1
Teruya Kakumae  Top 8 GP Auckland 2015,Tormenting Voice,1
Teruya Kakumae  Top 8 GP Auckland 2015,Murderous Cut,1
Teruya Kakumae  Top 8 GP Auckland 2015,Burn Away,2
Teruya Kakumae  Top 8 GP Auckland 2015,Mardu Charm,2
Teruya Kakumae  Top 8 GP Auckland 2015,Mardu Banner,1
Teruya Kakumae  Top 8 GP Auckland 2015,Mountain,4
Teruya Kakumae  Top 8 GP Auckland 2015,Plains,5
Teruya Kakumae  Top 8 GP Auckland 2015,Swamp,6
Teruya Kakumae  Top 8 GP Auckland 2015,Bloodfell Caves,1
Teruya Kakumae  Top 8 GP Auckland 2015,Wind-Scarred Crag,2
Yifan Wei  Top 8 GP Auckland 2015,Bellowing Saddlebrute,1
Yifan Wei  Top 8 GP Auckland 2015,Mardu Skullhunter,1
Yifan Wei  Top 8 GP Auckland 2015,Necropolis Fiend,1
Yifan Wei  Top 8 GP Auckland 2015,Rotting Mastodon,1
Yifan Wei  Top 8 GP Auckland 2015,Sidisi's Pet,2
Yifan Wei  Top 8 GP Auckland 2015,Unyielding Krumar,1
Yifan Wei  Top 8 GP Auckland 2015,Kin-Tree Warden,1
Yifan Wei  Top 8 GP Auckland 2015,Siege Rhino,1
Yifan Wei  Top 8 GP Auckland 2015,Hooded Assassin,1
Yifan Wei  Top 8 GP Auckland 2015,Orc Sureshot,1
Yifan Wei  Top 8 GP Auckland 2015,Sibsig Muckdraggers,1
Yifan Wei  Top 8 GP Auckland 2015,"Tasigur, the Golden Fang",1
Yifan Wei  Top 8 GP Auckland 2015,Ainok Guide,1
Yifan Wei  Top 8 GP Auckland 2015,Feral Krushok,1
Yifan Wei  Top 8 GP Auckland 2015,Bitter Revelation,1
Yifan Wei  Top 8 GP Auckland 2015,Despise,1
Yifan Wei  Top 8 GP Auckland 2015,Rakshasa's Secret,1
Yifan Wei  Top 8 GP Auckland 2015,Scout the Borders,1
Yifan Wei  Top 8 GP Auckland 2015,Death Frenzy,1
Yifan Wei  Top 8 GP Auckland 2015,Smite the Monstrous,1
Yifan Wei  Top 8 GP Auckland 2015,Throttle,1
Yifan Wei  Top 8 GP Auckland 2015,Debilitating Injury,1
Yifan Wei  Top 8 GP Auckland 2015,Forest,6
Yifan Wei  Top 8 GP Auckland 2015,Plains,3
Yifan Wei  Top 8 GP Auckland 2015,Swamp,7
Yifan Wei  Top 8 GP Auckland 2015,Opulent Palace,1
Yifan Wei  Top 8 GP Auckland 2015,Scoured Barrens,1
Fabian Dickmann  Top 8 GP Auckland 2015,Alabaster Kirin,1
Fabian Dickmann  Top 8 GP Auckland 2015,Jeskai Student,1
Fabian Dickmann  Top 8 GP Auckland 2015,Monastery Flock,1
Fabian Dickmann  Top 8 GP Auckland 2015,Pearl Lake Ancient,1
Fabian Dickmann  Top 8 GP Auckland 2015,Efreet Weaponmaster,1
Fabian Dickmann  Top 8 GP Auckland 2015,Warden of the Eye,1
Fabian Dickmann  Top 8 GP Auckland 2015,Abzan Skycaptain,2
Fabian Dickmann  Top 8 GP Auckland 2015,Dragon Bell Monk,2
Fabian Dickmann  Top 8 GP Auckland 2015,Elite Scaleguard,1
Fabian Dickmann  Top 8 GP Auckland 2015,Sandsteppe Outcast,1
Fabian Dickmann  Top 8 GP Auckland 2015,Frost Walker,1
Fabian Dickmann  Top 8 GP Auckland 2015,Treasure Cruise,1
Fabian Dickmann  Top 8 GP Auckland 2015,Master the Way,2
Fabian Dickmann  Top 8 GP Auckland 2015,Feat of Resistance,1
Fabian Dickmann  Top 8 GP Auckland 2015,Kill Shot,1
Fabian Dickmann  Top 8 GP Auckland 2015,Smite the Monstrous,1
Fabian Dickmann  Top 8 GP Auckland 2015,Crippling Chill,1
Fabian Dickmann  Top 8 GP Auckland 2015,Icy Blast,1
Fabian Dickmann  Top 8 GP Auckland 2015,Pressure Point,1
Fabian Dickmann  Top 8 GP Auckland 2015,Singing Bell Strike,1
Fabian Dickmann  Top 8 GP Auckland 2015,Island,5
Fabian Dickmann  Top 8 GP Auckland 2015,Mountain,3
Fabian Dickmann  Top 8 GP Auckland 2015,Plains,6
Fabian Dickmann  Top 8 GP Auckland 2015,Tranquil Cove,2
Fabian Dickmann  Top 8 GP Auckland 2015,Wind-Scarred Crag,1
John Brugman  Top 8 GP Auckland 2015,Summit Prowler,1
John Brugman  Top 8 GP Auckland 2015,Highland Game,2
John Brugman  Top 8 GP Auckland 2015,Rattleclaw Mystic,1
John Brugman  Top 8 GP Auckland 2015,Avalanche Tusker,1
John Brugman  Top 8 GP Auckland 2015,Bear's Companion,1
John Brugman  Top 8 GP Auckland 2015,Savage Knuckleblade,1
John Brugman  Top 8 GP Auckland 2015,Snowhorn Rider,3
John Brugman  Top 8 GP Auckland 2015,Goblin Heelcutter,1
John Brugman  Top 8 GP Auckland 2015,Smoldering Efreet,1
John Brugman  Top 8 GP Auckland 2015,Frontier Mastodon,1
John Brugman  Top 8 GP Auckland 2015,Sandsteppe Mastodon,1
John Brugman  Top 8 GP Auckland 2015,Whisperer of the Wilds,1
John Brugman  Top 8 GP Auckland 2015,Arrow Storm,1
John Brugman  Top 8 GP Auckland 2015,Barrage of Boulders,1
John Brugman  Top 8 GP Auckland 2015,Hunt the Weak,1
John Brugman  Top 8 GP Auckland 2015,Shamanic Revelation,1
John Brugman  Top 8 GP Auckland 2015,Temur Charm,1
John Brugman  Top 8 GP Auckland 2015,Winterflame,1
John Brugman  Top 8 GP Auckland 2015,Temur Battle Rage,1
John Brugman  Top 8 GP Auckland 2015,Forest,6
John Brugman  Top 8 GP Auckland 2015,Island,4
John Brugman  Top 8 GP Auckland 2015,Mountain,5
John Brugman  Top 8 GP Auckland 2015,Rugged Highlands,1
John Brugman  Top 8 GP Auckland 2015,Swiftwater Cliffs,1
John Brugman  Top 8 GP Auckland 2015,Wooded Foothills,1
TIMOTHE SIMONOT - GRAND PRIX LIVERPOOL 2014 TOP 8,Abzan Guide,1
TIMOTHE SIMONOT - GRAND PRIX LIVERPOOL 2014 TOP 8,Ivorytusk Fortress,1
TIMOTHE SIMONOT - GRAND PRIX LIVERPOOL 2014 TOP 8,Rakshasa Deathdealer,1
TIMOTHE SIMONOT - GRAND PRIX LIVERPOOL 2014 TOP 8,War Behemoth,1
TIMOTHE SIMONOT - GRAND PRIX LIVERPOOL 2014 TOP 8,Disowned Ancestor,1
TIMOTHE SIMONOT - GRAND PRIX LIVERPOOL 2014 TOP 8,Shambling Attendants,1
TIMOTHE SIMONOT - GRAND PRIX LIVERPOOL 2014 TOP 8,Archers' Parapet,1
TIMOTHE SIMONOT - GRAND PRIX LIVERPOOL 2014 TOP 8,Sagu Archer,1
TIMOTHE SIMONOT - GRAND PRIX LIVERPOOL 2014 TOP 8,Smoke Teller,1
TIMOTHE SIMONOT - GRAND PRIX LIVERPOOL 2014 TOP 8,Woolly Loxodon,1
TIMOTHE SIMONOT - GRAND PRIX LIVERPOOL 2014 TOP 8,Soulflayer,1
TIMOTHE SIMONOT - GRAND PRIX LIVERPOOL 2014 TOP 8,Sultai Emissary,1
TIMOTHE SIMONOT - GRAND PRIX LIVERPOOL 2014 TOP 8,Alesha's Vanguard,1
TIMOTHE SIMONOT - GRAND PRIX LIVERPOOL 2014 TOP 8,Death Frenzy,1
TIMOTHE SIMONOT - GRAND PRIX LIVERPOOL 2014 TOP 8,Bitter Revelation,1
TIMOTHE SIMONOT - GRAND PRIX LIVERPOOL 2014 TOP 8,Despise,1
TIMOTHE SIMONOT - GRAND PRIX LIVERPOOL 2014 TOP 8,Rite of the Serpent,1
TIMOTHE SIMONOT - GRAND PRIX LIVERPOOL 2014 TOP 8,Utter End,1
TIMOTHE SIMONOT - GRAND PRIX LIVERPOOL 2014 TOP 8,Sandblast,3
TIMOTHE SIMONOT - GRAND PRIX LIVERPOOL 2014 TOP 8,Reach of Shadows,1
TIMOTHE SIMONOT - GRAND PRIX LIVERPOOL 2014 TOP 8,Debilitating Injury,1
TIMOTHE SIMONOT - GRAND PRIX LIVERPOOL 2014 TOP 8,Forest,2
TIMOTHE SIMONOT - GRAND PRIX LIVERPOOL 2014 TOP 8,Plains,4
TIMOTHE SIMONOT - GRAND PRIX LIVERPOOL 2014 TOP 8,Swamp,5
TIMOTHE SIMONOT - GRAND PRIX LIVERPOOL 2014 TOP 8,Blossoming Sands,2
TIMOTHE SIMONOT - GRAND PRIX LIVERPOOL 2014 TOP 8,Jungle Hollow,4
DANIEL OPPLIGER - GRAND PRIX LIVERPOOL 2014 TOP 8,Clever Impersonator,1
DANIEL OPPLIGER - GRAND PRIX LIVERPOOL 2014 TOP 8,Jeskai Windscout,1
DANIEL OPPLIGER - GRAND PRIX LIVERPOOL 2014 TOP 8,Scaldkin,2
DANIEL OPPLIGER - GRAND PRIX LIVERPOOL 2014 TOP 8,Wetland Sambar,1
DANIEL OPPLIGER - GRAND PRIX LIVERPOOL 2014 TOP 8,Whirlwind Adept,1
DANIEL OPPLIGER - GRAND PRIX LIVERPOOL 2014 TOP 8,Bloodfire Mentor,1
DANIEL OPPLIGER - GRAND PRIX LIVERPOOL 2014 TOP 8,Canyon Lurkers,1
DANIEL OPPLIGER - GRAND PRIX LIVERPOOL 2014 TOP 8,Summit Prowler,1
DANIEL OPPLIGER - GRAND PRIX LIVERPOOL 2014 TOP 8,Mindscour Dragon,1
DANIEL OPPLIGER - GRAND PRIX LIVERPOOL 2014 TOP 8,Flamewake Phoenix,1
DANIEL OPPLIGER - GRAND PRIX LIVERPOOL 2014 TOP 8,Goblin Heelcutter,1
DANIEL OPPLIGER - GRAND PRIX LIVERPOOL 2014 TOP 8,Gore Swine,1
DANIEL OPPLIGER - GRAND PRIX LIVERPOOL 2014 TOP 8,Set Adrift,1
DANIEL OPPLIGER - GRAND PRIX LIVERPOOL 2014 TOP 8,Crater's Claws,1
DANIEL OPPLIGER - GRAND PRIX LIVERPOOL 2014 TOP 8,Write into Being,1
DANIEL OPPLIGER - GRAND PRIX LIVERPOOL 2014 TOP 8,Bathe in Dragonfire,1
DANIEL OPPLIGER - GRAND PRIX LIVERPOOL 2014 TOP 8,Fierce Invocation,1
DANIEL OPPLIGER - GRAND PRIX LIVERPOOL 2014 TOP 8,Flying Crane Technique,1
DANIEL OPPLIGER - GRAND PRIX LIVERPOOL 2014 TOP 8,Cunning Strike,1
DANIEL OPPLIGER - GRAND PRIX LIVERPOOL 2014 TOP 8,Whisk Away,1
DANIEL OPPLIGER - GRAND PRIX LIVERPOOL 2014 TOP 8,Jeskai Banner,1
DANIEL OPPLIGER - GRAND PRIX LIVERPOOL 2014 TOP 8,Rageform,1
DANIEL OPPLIGER - GRAND PRIX LIVERPOOL 2014 TOP 8,Island,8
DANIEL OPPLIGER - GRAND PRIX LIVERPOOL 2014 TOP 8,Mountain,7
DANIEL OPPLIGER - GRAND PRIX LIVERPOOL 2014 TOP 8,Wind-Scarred Crag,2
NIKOLAS LABAHN - GRAND PRIX LIVERPOOL 2014 TOP 8,Abzan Guide,1
NIKOLAS LABAHN - GRAND PRIX LIVERPOOL 2014 TOP 8,Ruthless Ripper,1
NIKOLAS LABAHN - GRAND PRIX LIVERPOOL 2014 TOP 8,Shambling Attendants,1
NIKOLAS LABAHN - GRAND PRIX LIVERPOOL 2014 TOP 8,Swarm of Bloodflies,1
NIKOLAS LABAHN - GRAND PRIX LIVERPOOL 2014 TOP 8,Alpine Grizzly,3
NIKOLAS LABAHN - GRAND PRIX LIVERPOOL 2014 TOP 8,Highland Game,1
NIKOLAS LABAHN - GRAND PRIX LIVERPOOL 2014 TOP 8,Sagu Archer,1
NIKOLAS LABAHN - GRAND PRIX LIVERPOOL 2014 TOP 8,Elite Scaleguard,1
NIKOLAS LABAHN - GRAND PRIX LIVERPOOL 2014 TOP 8,Feral Krushok,1
NIKOLAS LABAHN - GRAND PRIX LIVERPOOL 2014 TOP 8,Frontier Mastodon,2
NIKOLAS LABAHN - GRAND PRIX LIVERPOOL 2014 TOP 8,Temur Sabertooth,1
NIKOLAS LABAHN - GRAND PRIX LIVERPOOL 2014 TOP 8,Savage Punch,3
NIKOLAS LABAHN - GRAND PRIX LIVERPOOL 2014 TOP 8,Soul Summons,1
NIKOLAS LABAHN - GRAND PRIX LIVERPOOL 2014 TOP 8,Feat of Resistance,1
NIKOLAS LABAHN - GRAND PRIX LIVERPOOL 2014 TOP 8,Dragonscale Boon,1
NIKOLAS LABAHN - GRAND PRIX LIVERPOOL 2014 TOP 8,Sandblast,2
NIKOLAS LABAHN - GRAND PRIX LIVERPOOL 2014 TOP 8,Valorous Stance,1
NIKOLAS LABAHN - GRAND PRIX LIVERPOOL 2014 TOP 8,Forest,7
NIKOLAS LABAHN - GRAND PRIX LIVERPOOL 2014 TOP 8,Plains,6
NIKOLAS LABAHN - GRAND PRIX LIVERPOOL 2014 TOP 8,Swamp,2
NIKOLAS LABAHN - GRAND PRIX LIVERPOOL 2014 TOP 8,Jungle Hollow,1
NIKOLAS LABAHN - GRAND PRIX LIVERPOOL 2014 TOP 8,Opulent Palace,1
MARTIN DANG - GRAND PRIX LIVERPOOL 2014 TOP 8,Glacial Stalker,2
MARTIN DANG - GRAND PRIX LIVERPOOL 2014 TOP 8,Monastery Flock,1
MARTIN DANG - GRAND PRIX LIVERPOOL 2014 TOP 8,Riverwheel Aerialists,1
MARTIN DANG - GRAND PRIX LIVERPOOL 2014 TOP 8,Bellowing Saddlebrute,1
MARTIN DANG - GRAND PRIX LIVERPOOL 2014 TOP 8,Krumar Bond-Kin,1
MARTIN DANG - GRAND PRIX LIVERPOOL 2014 TOP 8,Mardu Skullhunter,1
MARTIN DANG - GRAND PRIX LIVERPOOL 2014 TOP 8,Ruthless Ripper,1
MARTIN DANG - GRAND PRIX LIVERPOOL 2014 TOP 8,Swarm of Bloodflies,1
MARTIN DANG - GRAND PRIX LIVERPOOL 2014 TOP 8,Jeskai Sage,3
MARTIN DANG - GRAND PRIX LIVERPOOL 2014 TOP 8,Orc Sureshot,1
MARTIN DANG - GRAND PRIX LIVERPOOL 2014 TOP 8,Sultai Emissary,1
MARTIN DANG - GRAND PRIX LIVERPOOL 2014 TOP 8,Master the Way,1
MARTIN DANG - GRAND PRIX LIVERPOOL 2014 TOP 8,Treasure Cruise,1
MARTIN DANG - GRAND PRIX LIVERPOOL 2014 TOP 8,Despise,1
MARTIN DANG - GRAND PRIX LIVERPOOL 2014 TOP 8,Rakshasa's Secret,1
MARTIN DANG - GRAND PRIX LIVERPOOL 2014 TOP 8,Crater's Claws,1
MARTIN DANG - GRAND PRIX LIVERPOOL 2014 TOP 8,Write into Being,1
MARTIN DANG - GRAND PRIX LIVERPOOL 2014 TOP 8,Mindswipe,1
MARTIN DANG - GRAND PRIX LIVERPOOL 2014 TOP 8,Bring Low,1
MARTIN DANG - GRAND PRIX LIVERPOOL 2014 TOP 8,Whisk Away,1
MARTIN DANG - GRAND PRIX LIVERPOOL 2014 TOP 8,Island,6
MARTIN DANG - GRAND PRIX LIVERPOOL 2014 TOP 8,Mountain,2
MARTIN DANG - GRAND PRIX LIVERPOOL 2014 TOP 8,Swamp,5
MARTIN DANG - GRAND PRIX LIVERPOOL 2014 TOP 8,Bloodfell Caves,2
MARTIN DANG - GRAND PRIX LIVERPOOL 2014 TOP 8,Dismal Backwater,2
MARCIO CARVALHO - GRAND PRIX LIVERPOOL 2014 TOP 8,Bear's Companion,1
MARCIO CARVALHO - GRAND PRIX LIVERPOOL 2014 TOP 8,Snowhorn Rider,1
MARCIO CARVALHO - GRAND PRIX LIVERPOOL 2014 TOP 8,Glacial Stalker,1
MARCIO CARVALHO - GRAND PRIX LIVERPOOL 2014 TOP 8,Monastery Flock,1
MARCIO CARVALHO - GRAND PRIX LIVERPOOL 2014 TOP 8,Summit Prowler,1
MARCIO CARVALHO - GRAND PRIX LIVERPOOL 2014 TOP 8,Highland Game,1
MARCIO CARVALHO - GRAND PRIX LIVERPOOL 2014 TOP 8,Longshot Squad,1
MARCIO CARVALHO - GRAND PRIX LIVERPOOL 2014 TOP 8,Sagu Archer,1
MARCIO CARVALHO - GRAND PRIX LIVERPOOL 2014 TOP 8,Smoke Teller,1
MARCIO CARVALHO - GRAND PRIX LIVERPOOL 2014 TOP 8,Temur Charger,1
MARCIO CARVALHO - GRAND PRIX LIVERPOOL 2014 TOP 8,Tusked Colossodon,1
MARCIO CARVALHO - GRAND PRIX LIVERPOOL 2014 TOP 8,Gore Swine,1
MARCIO CARVALHO - GRAND PRIX LIVERPOOL 2014 TOP 8,Ainok Guide,1
MARCIO CARVALHO - GRAND PRIX LIVERPOOL 2014 TOP 8,Whisperer of the Wilds,1
MARCIO CARVALHO - GRAND PRIX LIVERPOOL 2014 TOP 8,Arc Lightning,1
MARCIO CARVALHO - GRAND PRIX LIVERPOOL 2014 TOP 8,Barrage of Boulders,2
MARCIO CARVALHO - GRAND PRIX LIVERPOOL 2014 TOP 8,Wildcall,1
MARCIO CARVALHO - GRAND PRIX LIVERPOOL 2014 TOP 8,Temur Charm,1
MARCIO CARVALHO - GRAND PRIX LIVERPOOL 2014 TOP 8,Awaken the Bear,1
MARCIO CARVALHO - GRAND PRIX LIVERPOOL 2014 TOP 8,Dragonscale Boon,1
MARCIO CARVALHO - GRAND PRIX LIVERPOOL 2014 TOP 8,Ruthless Instincts,1
MARCIO CARVALHO - GRAND PRIX LIVERPOOL 2014 TOP 8,Ghostfire Blade,1
MARCIO CARVALHO - GRAND PRIX LIVERPOOL 2014 TOP 8,Forest,8
MARCIO CARVALHO - GRAND PRIX LIVERPOOL 2014 TOP 8,Island,2
MARCIO CARVALHO - GRAND PRIX LIVERPOOL 2014 TOP 8,Mountain,5
MARCIO CARVALHO - GRAND PRIX LIVERPOOL 2014 TOP 8,Swiftwater Cliffs,1
MARCIO CARVALHO - GRAND PRIX LIVERPOOL 2014 TOP 8,Thornwood Falls,1
KENNETH ELLINGSON - GRAND PRIX LIVERPOOL 2014 TOP 8,Scaldkin,1
KENNETH ELLINGSON - GRAND PRIX LIVERPOOL 2014 TOP 8,Bloodfire Expert,1
KENNETH ELLINGSON - GRAND PRIX LIVERPOOL 2014 TOP 8,Bloodfire Mentor,1
KENNETH ELLINGSON - GRAND PRIX LIVERPOOL 2014 TOP 8,Leaping Master,2
KENNETH ELLINGSON - GRAND PRIX LIVERPOOL 2014 TOP 8,Mardu Warshrieker,1
KENNETH ELLINGSON - GRAND PRIX LIVERPOOL 2014 TOP 8,Monastery Swiftspear,1
KENNETH ELLINGSON - GRAND PRIX LIVERPOOL 2014 TOP 8,Valley Dasher,2
KENNETH ELLINGSON - GRAND PRIX LIVERPOOL 2014 TOP 8,Marang River Prowler,1
KENNETH ELLINGSON - GRAND PRIX LIVERPOOL 2014 TOP 8,Bloodfire Enforcers,1
KENNETH ELLINGSON - GRAND PRIX LIVERPOOL 2014 TOP 8,Goblin Heelcutter,1
KENNETH ELLINGSON - GRAND PRIX LIVERPOOL 2014 TOP 8,Smoldering Efreet,1
KENNETH ELLINGSON - GRAND PRIX LIVERPOOL 2014 TOP 8,Treasure Cruise,1
KENNETH ELLINGSON - GRAND PRIX LIVERPOOL 2014 TOP 8,Act of Treason,1
KENNETH ELLINGSON - GRAND PRIX LIVERPOOL 2014 TOP 8,Temporal Trespass,1
KENNETH ELLINGSON - GRAND PRIX LIVERPOOL 2014 TOP 8,Bathe in Dragonfire,1
KENNETH ELLINGSON - GRAND PRIX LIVERPOOL 2014 TOP 8,Mob Rule,1
KENNETH ELLINGSON - GRAND PRIX LIVERPOOL 2014 TOP 8,Force Away,1
KENNETH ELLINGSON - GRAND PRIX LIVERPOOL 2014 TOP 8,Enhanced Awareness,1
KENNETH ELLINGSON - GRAND PRIX LIVERPOOL 2014 TOP 8,Hero's Blade,1
KENNETH ELLINGSON - GRAND PRIX LIVERPOOL 2014 TOP 8,Jeskai Runemark,2
KENNETH ELLINGSON - GRAND PRIX LIVERPOOL 2014 TOP 8,Island,6
KENNETH ELLINGSON - GRAND PRIX LIVERPOOL 2014 TOP 8,Mountain,8
KENNETH ELLINGSON - GRAND PRIX LIVERPOOL 2014 TOP 8,Frontier Bivouac,1
KENNETH ELLINGSON - GRAND PRIX LIVERPOOL 2014 TOP 8,Mystic Monastery,1
KENNETH ELLINGSON - GRAND PRIX LIVERPOOL 2014 TOP 8,Polluted Delta,1
ANDREAS JONSSON - GRAND PRIX LIVERPOOL 2014 TOP 8,Highspire Mantis,4
ANDREAS JONSSON - GRAND PRIX LIVERPOOL 2014 TOP 8,Sage of the Inward Eye,1
ANDREAS JONSSON - GRAND PRIX LIVERPOOL 2014 TOP 8,Monastery Flock,1
ANDREAS JONSSON - GRAND PRIX LIVERPOOL 2014 TOP 8,Wetland Sambar,1
ANDREAS JONSSON - GRAND PRIX LIVERPOOL 2014 TOP 8,Bloodfire Expert,1
ANDREAS JONSSON - GRAND PRIX LIVERPOOL 2014 TOP 8,Mardu Heart-Piercer,1
ANDREAS JONSSON - GRAND PRIX LIVERPOOL 2014 TOP 8,Jeskai Sage,1
ANDREAS JONSSON - GRAND PRIX LIVERPOOL 2014 TOP 8,Mistfire Adept,1
ANDREAS JONSSON - GRAND PRIX LIVERPOOL 2014 TOP 8,Master the Way,1
ANDREAS JONSSON - GRAND PRIX LIVERPOOL 2014 TOP 8,Barrage of Boulders,1
ANDREAS JONSSON - GRAND PRIX LIVERPOOL 2014 TOP 8,Hordeling Outburst,1
ANDREAS JONSSON - GRAND PRIX LIVERPOOL 2014 TOP 8,Winterflame,1
ANDREAS JONSSON - GRAND PRIX LIVERPOOL 2014 TOP 8,Cunning Strike,2
ANDREAS JONSSON - GRAND PRIX LIVERPOOL 2014 TOP 8,Refocus,1
ANDREAS JONSSON - GRAND PRIX LIVERPOOL 2014 TOP 8,Whisk Away,1
ANDREAS JONSSON - GRAND PRIX LIVERPOOL 2014 TOP 8,Jeskai Ascendancy,1
ANDREAS JONSSON - GRAND PRIX LIVERPOOL 2014 TOP 8,Goblinslide,2
ANDREAS JONSSON - GRAND PRIX LIVERPOOL 2014 TOP 8,Island,5
ANDREAS JONSSON - GRAND PRIX LIVERPOOL 2014 TOP 8,Mountain,7
ANDREAS JONSSON - GRAND PRIX LIVERPOOL 2014 TOP 8,Plains,3
ANDREAS JONSSON - GRAND PRIX LIVERPOOL 2014 TOP 8,Mystic Monastery,1
ANDREAS JONSSON - GRAND PRIX LIVERPOOL 2014 TOP 8,Tranquil Cove,2
LUCAS BLOHON - GRAND PRIX LIVERPOOL 2014 TOP 8,Abzan Guide,1
LUCAS BLOHON - GRAND PRIX LIVERPOOL 2014 TOP 8,Ainok Bond-Kin,3
LUCAS BLOHON - GRAND PRIX LIVERPOOL 2014 TOP 8,Alabaster Kirin,1
LUCAS BLOHON - GRAND PRIX LIVERPOOL 2014 TOP 8,Mardu Hordechief,2
LUCAS BLOHON - GRAND PRIX LIVERPOOL 2014 TOP 8,Master of Pearls,1
LUCAS BLOHON - GRAND PRIX LIVERPOOL 2014 TOP 8,War Behemoth,1
LUCAS BLOHON - GRAND PRIX LIVERPOOL 2014 TOP 8,Highland Game,1
LUCAS BLOHON - GRAND PRIX LIVERPOOL 2014 TOP 8,Longshot Squad,1
LUCAS BLOHON - GRAND PRIX LIVERPOOL 2014 TOP 8,"Dromoka, the Eternal",1
LUCAS BLOHON - GRAND PRIX LIVERPOOL 2014 TOP 8,Dragon Bell Monk,1
LUCAS BLOHON - GRAND PRIX LIVERPOOL 2014 TOP 8,Ainok Guide,1
LUCAS BLOHON - GRAND PRIX LIVERPOOL 2014 TOP 8,Feral Krushok,1
LUCAS BLOHON - GRAND PRIX LIVERPOOL 2014 TOP 8,Rush of Battle,1
LUCAS BLOHON - GRAND PRIX LIVERPOOL 2014 TOP 8,Cached Defenses,1
LUCAS BLOHON - GRAND PRIX LIVERPOOL 2014 TOP 8,Defiant Strike,1
LUCAS BLOHON - GRAND PRIX LIVERPOOL 2014 TOP 8,Kill Shot,1
LUCAS BLOHON - GRAND PRIX LIVERPOOL 2014 TOP 8,Smite the Monstrous,1
LUCAS BLOHON - GRAND PRIX LIVERPOOL 2014 TOP 8,Dragonscale Boon,1
LUCAS BLOHON - GRAND PRIX LIVERPOOL 2014 TOP 8,Sandblast,1
LUCAS BLOHON - GRAND PRIX LIVERPOOL 2014 TOP 8,Suspension Field,1
LUCAS BLOHON - GRAND PRIX LIVERPOOL 2014 TOP 8,Forest,7
LUCAS BLOHON - GRAND PRIX LIVERPOOL 2014 TOP 8,Plains,9
LUCAS BLOHON - GRAND PRIX LIVERPOOL 2014 TOP 8,Sandsteppe Citadel,1
Corey Baumeister   Grand Prix Miami 2015 Top 8,Elvish Mystic,4
Corey Baumeister   Grand Prix Miami 2015 Top 8,Sylvan Caryatid,4
Corey Baumeister   Grand Prix Miami 2015 Top 8,Voyaging Satyr,3
Corey Baumeister   Grand Prix Miami 2015 Top 8,Fleecemane Lion,4
Corey Baumeister   Grand Prix Miami 2015 Top 8,Courser of Kruphix,4
Corey Baumeister   Grand Prix Miami 2015 Top 8,"Polukranos, World Eater",3
Corey Baumeister   Grand Prix Miami 2015 Top 8,Whisperwood Elemental,4
Corey Baumeister   Grand Prix Miami 2015 Top 8,Genesis Hydra,4
Corey Baumeister   Grand Prix Miami 2015 Top 8,Mastery of the Unseen,4
Corey Baumeister   Grand Prix Miami 2015 Top 8,Banishing Light,2
Corey Baumeister   Grand Prix Miami 2015 Top 8,Windswept Heath,4
Corey Baumeister   Grand Prix Miami 2015 Top 8,Temple of Plenty,4
Corey Baumeister   Grand Prix Miami 2015 Top 8,"Nykthos, Shrine to Nyx",3
Corey Baumeister   Grand Prix Miami 2015 Top 8,Plains,3
Corey Baumeister   Grand Prix Miami 2015 Top 8,Forest,8
Corey Baumeister   Grand Prix Miami 2015 Top 8,Mana Confluence,1
Corey Baumeister   Grand Prix Miami 2015 Top 8,Blossoming Sands,1
Ryan Grodzinski   Grand Prix Miami 2015 Top 8,Mardu Scout,3
Ryan Grodzinski   Grand Prix Miami 2015 Top 8,Monastery Swiftspear,4
Ryan Grodzinski   Grand Prix Miami 2015 Top 8,Foundry Street Denizen,4
Ryan Grodzinski   Grand Prix Miami 2015 Top 8,Firedrinker Satyr,4
Ryan Grodzinski   Grand Prix Miami 2015 Top 8,Goblin Heelcutter,2
Ryan Grodzinski   Grand Prix Miami 2015 Top 8,Goblin Rabblemaster,2
Ryan Grodzinski   Grand Prix Miami 2015 Top 8,Hordeling Outburst,4
Ryan Grodzinski   Grand Prix Miami 2015 Top 8,Stoke the Flames,4
Ryan Grodzinski   Grand Prix Miami 2015 Top 8,Wild Slash,4
Ryan Grodzinski   Grand Prix Miami 2015 Top 8,Lightning Strike,4
Ryan Grodzinski   Grand Prix Miami 2015 Top 8,Searing Blood,4
Ryan Grodzinski   Grand Prix Miami 2015 Top 8,Mountain,21
Brian Lee   Grand Prix Miami 2015 Top 8,Goblin Heelcutter,2
Brian Lee   Grand Prix Miami 2015 Top 8,Mardu Scout,2
Brian Lee   Grand Prix Miami 2015 Top 8,Monastery Swiftspear,4
Brian Lee   Grand Prix Miami 2015 Top 8,Goblin Rabblemaster,4
Brian Lee   Grand Prix Miami 2015 Top 8,Firedrinker Satyr,4
Brian Lee   Grand Prix Miami 2015 Top 8,Eidolon of the Great Revel,2
Brian Lee   Grand Prix Miami 2015 Top 8,Foundry Street Denizen,4
Brian Lee   Grand Prix Miami 2015 Top 8,Hordeling Outburst,4
Brian Lee   Grand Prix Miami 2015 Top 8,Lightning Strike,3
Brian Lee   Grand Prix Miami 2015 Top 8,Stoke the Flames,4
Brian Lee   Grand Prix Miami 2015 Top 8,Wild Slash,4
Brian Lee   Grand Prix Miami 2015 Top 8,Searing Blood,2
Brian Lee   Grand Prix Miami 2015 Top 8,Mountain,21
Chad Kastel    Grand Prix Miami 2015 Top 8,Soul of Innistrad,1
Chad Kastel    Grand Prix Miami 2015 Top 8,Reclamation Sage,1
Chad Kastel    Grand Prix Miami 2015 Top 8,Siege Rhino,4
Chad Kastel    Grand Prix Miami 2015 Top 8,Satyr Wayfinder,4
Chad Kastel    Grand Prix Miami 2015 Top 8,Hornet Queen,2
Chad Kastel    Grand Prix Miami 2015 Top 8,Sylvan Caryatid,3
Chad Kastel    Grand Prix Miami 2015 Top 8,Courser of Kruphix,4
Chad Kastel    Grand Prix Miami 2015 Top 8,"Tasigur, the Golden Fang",2
Chad Kastel    Grand Prix Miami 2015 Top 8,Thoughtseize,3
Chad Kastel    Grand Prix Miami 2015 Top 8,Commune with the Gods,2
Chad Kastel    Grand Prix Miami 2015 Top 8,Murderous Cut,1
Chad Kastel    Grand Prix Miami 2015 Top 8,Hero's Downfall,3
Chad Kastel    Grand Prix Miami 2015 Top 8,Whip of Erebos,3
Chad Kastel    Grand Prix Miami 2015 Top 8,Banishing Light,2
Chad Kastel    Grand Prix Miami 2015 Top 8,Evolving Wilds,1
Chad Kastel    Grand Prix Miami 2015 Top 8,"Urborg, Tomb of Yawgmoth",2
Chad Kastel    Grand Prix Miami 2015 Top 8,Windswept Heath,4
Chad Kastel    Grand Prix Miami 2015 Top 8,Forest,3
Chad Kastel    Grand Prix Miami 2015 Top 8,Plains,2
Chad Kastel    Grand Prix Miami 2015 Top 8,Swamp,1
Chad Kastel    Grand Prix Miami 2015 Top 8,Temple of Silence,1
Chad Kastel    Grand Prix Miami 2015 Top 8,Temple of Malady,3
Chad Kastel    Grand Prix Miami 2015 Top 8,Llanowar Wastes,4
Chad Kastel    Grand Prix Miami 2015 Top 8,Sandsteppe Citadel,4
Andrew Boswell    Grand Prix Miami 2015 Top 8,Warden of the First Tree,4
Andrew Boswell    Grand Prix Miami 2015 Top 8,Fleecemane Lion,4
Andrew Boswell    Grand Prix Miami 2015 Top 8,Rakshasa Deathdealer,4
Andrew Boswell    Grand Prix Miami 2015 Top 8,"Anafenza, the Foremost",4
Andrew Boswell    Grand Prix Miami 2015 Top 8,"Brimaz, King of Oreskos",3
Andrew Boswell    Grand Prix Miami 2015 Top 8,Boon Satyr,3
Andrew Boswell    Grand Prix Miami 2015 Top 8,Siege Rhino,4
Andrew Boswell    Grand Prix Miami 2015 Top 8,"Tasigur, the Golden Fang",1
Andrew Boswell    Grand Prix Miami 2015 Top 8,Valorous Stance,3
Andrew Boswell    Grand Prix Miami 2015 Top 8,Hero's Downfall,4
Andrew Boswell    Grand Prix Miami 2015 Top 8,Abzan Charm,1
Andrew Boswell    Grand Prix Miami 2015 Top 8,Mana Confluence,4
Andrew Boswell    Grand Prix Miami 2015 Top 8,Windswept Heath,4
Andrew Boswell    Grand Prix Miami 2015 Top 8,Sandsteppe Citadel,4
Andrew Boswell    Grand Prix Miami 2015 Top 8,Caves of Koilos,2
Andrew Boswell    Grand Prix Miami 2015 Top 8,Llanowar Wastes,2
Andrew Boswell    Grand Prix Miami 2015 Top 8,Temple of Silence,2
Andrew Boswell    Grand Prix Miami 2015 Top 8,Temple of Malady,1
Andrew Boswell    Grand Prix Miami 2015 Top 8,Forest,2
Andrew Boswell    Grand Prix Miami 2015 Top 8,Plains,2
Andrew Boswell    Grand Prix Miami 2015 Top 8,"Urborg, Tomb of Yawgmoth",2
Daniel Cecchetti    Grand Prix Miami 2015 Top 8,Elvish Mystic,4
Daniel Cecchetti    Grand Prix Miami 2015 Top 8,Sylvan Caryatid,4
Daniel Cecchetti    Grand Prix Miami 2015 Top 8,Voyaging Satyr,4
Daniel Cecchetti    Grand Prix Miami 2015 Top 8,Fleecemane Lion,2
Daniel Cecchetti    Grand Prix Miami 2015 Top 8,Courser of Kruphix,4
Daniel Cecchetti    Grand Prix Miami 2015 Top 8,Temur Sabertooth,1
Daniel Cecchetti    Grand Prix Miami 2015 Top 8,"Polukranos, World Eater",4
Daniel Cecchetti    Grand Prix Miami 2015 Top 8,Whisperwood Elemental,4
Daniel Cecchetti    Grand Prix Miami 2015 Top 8,Genesis Hydra,4
Daniel Cecchetti    Grand Prix Miami 2015 Top 8,Banishing Light,1
Daniel Cecchetti    Grand Prix Miami 2015 Top 8,Mastery of the Unseen,4
Daniel Cecchetti    Grand Prix Miami 2015 Top 8,Windswept Heath,4
Daniel Cecchetti    Grand Prix Miami 2015 Top 8,Temple of Plenty,4
Daniel Cecchetti    Grand Prix Miami 2015 Top 8,"Nykthos, Shrine to Nyx",4
Daniel Cecchetti    Grand Prix Miami 2015 Top 8,Plains,2
Daniel Cecchetti    Grand Prix Miami 2015 Top 8,Forest,9
Daniel Cecchetti    Grand Prix Miami 2015 Top 8,Blossoming Sands,1
Ralph Betesh    Grand Prix Miami 2015 Top 8,"Sorin, Solemn Visitor",2
Ralph Betesh    Grand Prix Miami 2015 Top 8,"Tasigur, the Golden Fang",2
Ralph Betesh    Grand Prix Miami 2015 Top 8,Wingmate Roc,3
Ralph Betesh    Grand Prix Miami 2015 Top 8,Siege Rhino,4
Ralph Betesh    Grand Prix Miami 2015 Top 8,"Anafenza, the Foremost",3
Ralph Betesh    Grand Prix Miami 2015 Top 8,Fleecemane Lion,4
Ralph Betesh    Grand Prix Miami 2015 Top 8,Rakshasa Deathdealer,4
Ralph Betesh    Grand Prix Miami 2015 Top 8,Thoughtseize,2
Ralph Betesh    Grand Prix Miami 2015 Top 8,Abzan Charm,2
Ralph Betesh    Grand Prix Miami 2015 Top 8,Murderous Cut,1
Ralph Betesh    Grand Prix Miami 2015 Top 8,Valorous Stance,2
Ralph Betesh    Grand Prix Miami 2015 Top 8,Bile Blight,3
Ralph Betesh    Grand Prix Miami 2015 Top 8,Hero's Downfall,3
Ralph Betesh    Grand Prix Miami 2015 Top 8,"Urborg, Tomb of Yawgmoth",2
Ralph Betesh    Grand Prix Miami 2015 Top 8,Llanowar Wastes,3
Ralph Betesh    Grand Prix Miami 2015 Top 8,Caves of Koilos,3
Ralph Betesh    Grand Prix Miami 2015 Top 8,Temple of Silence,2
Ralph Betesh    Grand Prix Miami 2015 Top 8,Temple of Malady,3
Ralph Betesh    Grand Prix Miami 2015 Top 8,Sandsteppe Citadel,4
Ralph Betesh    Grand Prix Miami 2015 Top 8,Windswept Heath,4
Ralph Betesh    Grand Prix Miami 2015 Top 8,Forest,2
Ralph Betesh    Grand Prix Miami 2015 Top 8,Plains,2
Zan Syed    Grand Prix Miami 2015 Top 8,"Chandra, Pyromaster",1
Zan Syed    Grand Prix Miami 2015 Top 8,Shaman of the Great Hunt,4
Zan Syed    Grand Prix Miami 2015 Top 8,Fanatic of Xenagos,4
Zan Syed    Grand Prix Miami 2015 Top 8,Goblin Rabblemaster,4
Zan Syed    Grand Prix Miami 2015 Top 8,Stormbreath Dragon,4
Zan Syed    Grand Prix Miami 2015 Top 8,Heir of the Wilds,4
Zan Syed    Grand Prix Miami 2015 Top 8,Elvish Mystic,4
Zan Syed    Grand Prix Miami 2015 Top 8,Valorous Stance,2
Zan Syed    Grand Prix Miami 2015 Top 8,Lightning Strike,3
Zan Syed    Grand Prix Miami 2015 Top 8,Chained to the Rocks,4
Zan Syed    Grand Prix Miami 2015 Top 8,Outpost Siege,2
Zan Syed    Grand Prix Miami 2015 Top 8,Plains,1
Zan Syed    Grand Prix Miami 2015 Top 8,Mountain,6
Zan Syed    Grand Prix Miami 2015 Top 8,Forest,4
Zan Syed    Grand Prix Miami 2015 Top 8,Mana Confluence,4
Zan Syed    Grand Prix Miami 2015 Top 8,Battlefield Forge,1
Zan Syed    Grand Prix Miami 2015 Top 8,Windswept Heath,4
Zan Syed    Grand Prix Miami 2015 Top 8,Wooded Foothills,4
Florian Koch - Grand Prix Vancouver 2015 Top 8,Liliana of the Veil,2
Florian Koch - Grand Prix Vancouver 2015 Top 8,Noble Hierarch,3
Florian Koch - Grand Prix Vancouver 2015 Top 8,Tarmogoyf,4
Florian Koch - Grand Prix Vancouver 2015 Top 8,Scavenging Ooze,2
Florian Koch - Grand Prix Vancouver 2015 Top 8,"Doran, the Siege Tower",1
Florian Koch - Grand Prix Vancouver 2015 Top 8,Siege Rhino,4
Florian Koch - Grand Prix Vancouver 2015 Top 8,"Tasigur, the Golden Fang",1
Florian Koch - Grand Prix Vancouver 2015 Top 8,Thoughtseize,3
Florian Koch - Grand Prix Vancouver 2015 Top 8,Inquisition of Kozilek,3
Florian Koch - Grand Prix Vancouver 2015 Top 8,Maelstrom Pulse,1
Florian Koch - Grand Prix Vancouver 2015 Top 8,Lingering Souls,4
Florian Koch - Grand Prix Vancouver 2015 Top 8,Abrupt Decay,3
Florian Koch - Grand Prix Vancouver 2015 Top 8,Dismember,1
Florian Koch - Grand Prix Vancouver 2015 Top 8,Path to Exile,3
Florian Koch - Grand Prix Vancouver 2015 Top 8,Batterskull,1
Florian Koch - Grand Prix Vancouver 2015 Top 8,Marsh Flats,4
Florian Koch - Grand Prix Vancouver 2015 Top 8,Verdant Catacombs,4
Florian Koch - Grand Prix Vancouver 2015 Top 8,Windswept Heath,1
Florian Koch - Grand Prix Vancouver 2015 Top 8,"Urborg, Tomb of Yawgmoth",1
Florian Koch - Grand Prix Vancouver 2015 Top 8,Swamp,2
Florian Koch - Grand Prix Vancouver 2015 Top 8,Forest,1
Florian Koch - Grand Prix Vancouver 2015 Top 8,Plains,1
Florian Koch - Grand Prix Vancouver 2015 Top 8,Overgrown Tomb,2
Florian Koch - Grand Prix Vancouver 2015 Top 8,Temple Garden,1
Florian Koch - Grand Prix Vancouver 2015 Top 8,Godless Shrine,1
Florian Koch - Grand Prix Vancouver 2015 Top 8,Woodland Cemetery,1
Florian Koch - Grand Prix Vancouver 2015 Top 8,Isolated Chapel,1
Florian Koch - Grand Prix Vancouver 2015 Top 8,Stirring Wildwood,2
Florian Koch - Grand Prix Vancouver 2015 Top 8,Gavony Township,1
Florian Koch - Grand Prix Vancouver 2015 Top 8,Vault of the Archangel,1
Robbie Schmidt  Grand Prix Vancouver 2015 Top 8,Arcbound Ravager,4
Robbie Schmidt  Grand Prix Vancouver 2015 Top 8,Signal Pest,4
Robbie Schmidt  Grand Prix Vancouver 2015 Top 8,Vault Skirge,4
Robbie Schmidt  Grand Prix Vancouver 2015 Top 8,Memnite,2
Robbie Schmidt  Grand Prix Vancouver 2015 Top 8,Steel Overseer,3
Robbie Schmidt  Grand Prix Vancouver 2015 Top 8,Master of Etherium,1
Robbie Schmidt  Grand Prix Vancouver 2015 Top 8,Etched Champion,3
Robbie Schmidt  Grand Prix Vancouver 2015 Top 8,Ornithopter,4
Robbie Schmidt  Grand Prix Vancouver 2015 Top 8,Thoughtcast,1
Robbie Schmidt  Grand Prix Vancouver 2015 Top 8,Galvanic Blast,3
Robbie Schmidt  Grand Prix Vancouver 2015 Top 8,Cranial Plating,4
Robbie Schmidt  Grand Prix Vancouver 2015 Top 8,Springleaf Drum,4
Robbie Schmidt  Grand Prix Vancouver 2015 Top 8,Welding Jar,1
Robbie Schmidt  Grand Prix Vancouver 2015 Top 8,Mox Opal,4
Robbie Schmidt  Grand Prix Vancouver 2015 Top 8,Darksteel Citadel,4
Robbie Schmidt  Grand Prix Vancouver 2015 Top 8,Ensoul Artifact,2
Robbie Schmidt  Grand Prix Vancouver 2015 Top 8,Island,1
Robbie Schmidt  Grand Prix Vancouver 2015 Top 8,Blinkmoth Nexus,4
Robbie Schmidt  Grand Prix Vancouver 2015 Top 8,Inkmoth Nexus,4
Robbie Schmidt  Grand Prix Vancouver 2015 Top 8,Glimmervoid,3
Alexander Hayne - Grand Prix Vancouver 2015 Top 8,Primeval Titan,4
Alexander Hayne - Grand Prix Vancouver 2015 Top 8,"Azusa, Lost but Seeking",2
Alexander Hayne - Grand Prix Vancouver 2015 Top 8,Simian Spirit Guide,1
Alexander Hayne - Grand Prix Vancouver 2015 Top 8,Summer Bloom,4
Alexander Hayne - Grand Prix Vancouver 2015 Top 8,Serum Visions,4
Alexander Hayne - Grand Prix Vancouver 2015 Top 8,Ancient Stirrings,4
Alexander Hayne - Grand Prix Vancouver 2015 Top 8,Summoner's Pact,4
Alexander Hayne - Grand Prix Vancouver 2015 Top 8,Pact of Negation,2
Alexander Hayne - Grand Prix Vancouver 2015 Top 8,Slaughter Pact,1
Alexander Hayne - Grand Prix Vancouver 2015 Top 8,Amulet of Vigor,4
Alexander Hayne - Grand Prix Vancouver 2015 Top 8,Hive Mind,3
Alexander Hayne - Grand Prix Vancouver 2015 Top 8,Simic Growth Chamber,4
Alexander Hayne - Grand Prix Vancouver 2015 Top 8,Gruul Turf,3
Alexander Hayne - Grand Prix Vancouver 2015 Top 8,Golgari Rot Farm,1
Alexander Hayne - Grand Prix Vancouver 2015 Top 8,Khalni Garden,1
Alexander Hayne - Grand Prix Vancouver 2015 Top 8,Radiant Fountain,1
Alexander Hayne - Grand Prix Vancouver 2015 Top 8,Boros Garrison,1
Alexander Hayne - Grand Prix Vancouver 2015 Top 8,Vesuva,1
Alexander Hayne - Grand Prix Vancouver 2015 Top 8,Slayers' Stronghold,1
Alexander Hayne - Grand Prix Vancouver 2015 Top 8,"Sunhome, Fortress of the Legion",1
Alexander Hayne - Grand Prix Vancouver 2015 Top 8,Tendo Ice Bridge,1
Alexander Hayne - Grand Prix Vancouver 2015 Top 8,Mana Confluence,1
Alexander Hayne - Grand Prix Vancouver 2015 Top 8,Gemstone Mine,4
Alexander Hayne - Grand Prix Vancouver 2015 Top 8,Tolaria West,3
Alexander Hayne - Grand Prix Vancouver 2015 Top 8,Selesnya Sanctuary,1
Alexander Hayne - Grand Prix Vancouver 2015 Top 8,Cavern of Souls,2
Alexander Hayne - Grand Prix Vancouver 2015 Top 8,Forest,1
Dan Lanthier - Grand Prix Vancouver 2015 Top 8,Deceiver Exarch,4
Dan Lanthier - Grand Prix Vancouver 2015 Top 8,Pestermite,2
Dan Lanthier - Grand Prix Vancouver 2015 Top 8,Snapcaster Mage,3
Dan Lanthier - Grand Prix Vancouver 2015 Top 8,Grim Lavamancer,2
Dan Lanthier - Grand Prix Vancouver 2015 Top 8,Vendilion Clique,2
Dan Lanthier - Grand Prix Vancouver 2015 Top 8,Serum Visions,4
Dan Lanthier - Grand Prix Vancouver 2015 Top 8,Flame Slash,1
Dan Lanthier - Grand Prix Vancouver 2015 Top 8,Cryptic Command,2
Dan Lanthier - Grand Prix Vancouver 2015 Top 8,Lightning Bolt,4
Dan Lanthier - Grand Prix Vancouver 2015 Top 8,Remand,4
Dan Lanthier - Grand Prix Vancouver 2015 Top 8,Electrolyze,2
Dan Lanthier - Grand Prix Vancouver 2015 Top 8,Dispel,1
Dan Lanthier - Grand Prix Vancouver 2015 Top 8,Peek,1
Dan Lanthier - Grand Prix Vancouver 2015 Top 8,Spell Snare,1
Dan Lanthier - Grand Prix Vancouver 2015 Top 8,Splinter Twin,4
Dan Lanthier - Grand Prix Vancouver 2015 Top 8,Scalding Tarn,4
Dan Lanthier - Grand Prix Vancouver 2015 Top 8,Misty Rainforest,3
Dan Lanthier - Grand Prix Vancouver 2015 Top 8,Steam Vents,3
Dan Lanthier - Grand Prix Vancouver 2015 Top 8,Stomping Ground,1
Dan Lanthier - Grand Prix Vancouver 2015 Top 8,Sulfur Falls,3
Dan Lanthier - Grand Prix Vancouver 2015 Top 8,Desolate Lighthouse,1
Dan Lanthier - Grand Prix Vancouver 2015 Top 8,Tectonic Edge,1
Dan Lanthier - Grand Prix Vancouver 2015 Top 8,Island,5
Dan Lanthier - Grand Prix Vancouver 2015 Top 8,Mountain,1
Dan Lanthier - Grand Prix Vancouver 2015 Top 8,Wooded Foothills,1
Tom Martell - Grand Prix Vancouver 2015 Top 8,Noble Hierarch,4
Tom Martell - Grand Prix Vancouver 2015 Top 8,Glistener Elf,4
Tom Martell - Grand Prix Vancouver 2015 Top 8,Blighted Agent,4
Tom Martell - Grand Prix Vancouver 2015 Top 8,Spellskite,2
Tom Martell - Grand Prix Vancouver 2015 Top 8,Ichorclaw Myr,1
Tom Martell - Grand Prix Vancouver 2015 Top 8,Distortion Strike,2
Tom Martell - Grand Prix Vancouver 2015 Top 8,Gitaxian Probe,4
Tom Martell - Grand Prix Vancouver 2015 Top 8,Mutagenic Growth,4
Tom Martell - Grand Prix Vancouver 2015 Top 8,Might of Old Krosa,4
Tom Martell - Grand Prix Vancouver 2015 Top 8,Vines of Vastwood,4
Tom Martell - Grand Prix Vancouver 2015 Top 8,Become Immense,4
Tom Martell - Grand Prix Vancouver 2015 Top 8,Apostle's Blessing,2
Tom Martell - Grand Prix Vancouver 2015 Top 8,Wild Defiance,2
Tom Martell - Grand Prix Vancouver 2015 Top 8,Breeding Pool,2
Tom Martell - Grand Prix Vancouver 2015 Top 8,Forest,2
Tom Martell - Grand Prix Vancouver 2015 Top 8,Pendelhaven,2
Tom Martell - Grand Prix Vancouver 2015 Top 8,Verdant Catacombs,4
Tom Martell - Grand Prix Vancouver 2015 Top 8,Windswept Heath,3
Tom Martell - Grand Prix Vancouver 2015 Top 8,Misty Rainforest,2
Tom Martell - Grand Prix Vancouver 2015 Top 8,Inkmoth Nexus,4
Stephen Speck - Grand Prix Vancouver 2015 Top 8,Simian Spirit Guide,3
Stephen Speck - Grand Prix Vancouver 2015 Top 8,"Azusa, Lost but Seeking",3
Stephen Speck - Grand Prix Vancouver 2015 Top 8,Primeval Titan,4
Stephen Speck - Grand Prix Vancouver 2015 Top 8,Serum Visions,4
Stephen Speck - Grand Prix Vancouver 2015 Top 8,Summer Bloom,4
Stephen Speck - Grand Prix Vancouver 2015 Top 8,Pact of Negation,2
Stephen Speck - Grand Prix Vancouver 2015 Top 8,Slaughter Pact,1
Stephen Speck - Grand Prix Vancouver 2015 Top 8,Summoner's Pact,4
Stephen Speck - Grand Prix Vancouver 2015 Top 8,Amulet of Vigor,4
Stephen Speck - Grand Prix Vancouver 2015 Top 8,Hive Mind,3
Stephen Speck - Grand Prix Vancouver 2015 Top 8,Boros Garrison,1
Stephen Speck - Grand Prix Vancouver 2015 Top 8,Cavern of Souls,1
Stephen Speck - Grand Prix Vancouver 2015 Top 8,Forest,1
Stephen Speck - Grand Prix Vancouver 2015 Top 8,Gemstone Mine,4
Stephen Speck - Grand Prix Vancouver 2015 Top 8,Glimmerpost,2
Stephen Speck - Grand Prix Vancouver 2015 Top 8,Golgari Rot Farm,1
Stephen Speck - Grand Prix Vancouver 2015 Top 8,Gruul Turf,3
Stephen Speck - Grand Prix Vancouver 2015 Top 8,Mana Confluence,3
Stephen Speck - Grand Prix Vancouver 2015 Top 8,Selesnya Sanctuary,1
Stephen Speck - Grand Prix Vancouver 2015 Top 8,Simic Growth Chamber,4
Stephen Speck - Grand Prix Vancouver 2015 Top 8,Slayers' Stronghold,1
Stephen Speck - Grand Prix Vancouver 2015 Top 8,"Sunhome, Fortress of the Legion",1
Stephen Speck - Grand Prix Vancouver 2015 Top 8,Tendo Ice Bridge,1
Stephen Speck - Grand Prix Vancouver 2015 Top 8,Tolaria West,3
Stephen Speck - Grand Prix Vancouver 2015 Top 8,Vesuva,1
Jesse Moulton - Grand Prix Vancouver 2015 Top 8,Liliana of the Veil,3
Jesse Moulton - Grand Prix Vancouver 2015 Top 8,Noble Hierarch,3
Jesse Moulton - Grand Prix Vancouver 2015 Top 8,Scavenging Ooze,2
Jesse Moulton - Grand Prix Vancouver 2015 Top 8,Siege Rhino,4
Jesse Moulton - Grand Prix Vancouver 2015 Top 8,Tarmogoyf,4
Jesse Moulton - Grand Prix Vancouver 2015 Top 8,"Tasigur, the Golden Fang",2
Jesse Moulton - Grand Prix Vancouver 2015 Top 8,Maelstrom Pulse,1
Jesse Moulton - Grand Prix Vancouver 2015 Top 8,Inquisition of Kozilek,4
Jesse Moulton - Grand Prix Vancouver 2015 Top 8,Lingering Souls,4
Jesse Moulton - Grand Prix Vancouver 2015 Top 8,Thoughtseize,2
Jesse Moulton - Grand Prix Vancouver 2015 Top 8,Abrupt Decay,3
Jesse Moulton - Grand Prix Vancouver 2015 Top 8,Path to Exile,3
Jesse Moulton - Grand Prix Vancouver 2015 Top 8,Batterskull,1
Jesse Moulton - Grand Prix Vancouver 2015 Top 8,Forest,1
Jesse Moulton - Grand Prix Vancouver 2015 Top 8,Plains,1
Jesse Moulton - Grand Prix Vancouver 2015 Top 8,Swamp,2
Jesse Moulton - Grand Prix Vancouver 2015 Top 8,Gavony Township,2
Jesse Moulton - Grand Prix Vancouver 2015 Top 8,Godless Shrine,1
Jesse Moulton - Grand Prix Vancouver 2015 Top 8,Marsh Flats,4
Jesse Moulton - Grand Prix Vancouver 2015 Top 8,Overgrown Tomb,2
Jesse Moulton - Grand Prix Vancouver 2015 Top 8,Temple Garden,1
Jesse Moulton - Grand Prix Vancouver 2015 Top 8,Treetop Village,2
Jesse Moulton - Grand Prix Vancouver 2015 Top 8,Twilight Mire,2
Jesse Moulton - Grand Prix Vancouver 2015 Top 8,Verdant Catacombs,4
Jesse Moulton - Grand Prix Vancouver 2015 Top 8,Windswept Heath,1
Jesse Moulton - Grand Prix Vancouver 2015 Top 8,"Urborg, Tomb of Yawgmoth",1
Daniel Ward - Grand Prix Vancouver 2015 Top 8,Slippery Bogle,4
Daniel Ward - Grand Prix Vancouver 2015 Top 8,Dryad Arbor,1
Daniel Ward - Grand Prix Vancouver 2015 Top 8,Spellskite,2
Daniel Ward - Grand Prix Vancouver 2015 Top 8,Gladecover Scout,4
Daniel Ward - Grand Prix Vancouver 2015 Top 8,Kor Spiritdancer,4
Daniel Ward - Grand Prix Vancouver 2015 Top 8,Hyena Umbra,4
Daniel Ward - Grand Prix Vancouver 2015 Top 8,Rancor,4
Daniel Ward - Grand Prix Vancouver 2015 Top 8,Spirit Mantle,2
Daniel Ward - Grand Prix Vancouver 2015 Top 8,Unflinching Courage,3
Daniel Ward - Grand Prix Vancouver 2015 Top 8,Daybreak Coronet,4
Daniel Ward - Grand Prix Vancouver 2015 Top 8,Ethereal Armor,4
Daniel Ward - Grand Prix Vancouver 2015 Top 8,Spider Umbra,4
Daniel Ward - Grand Prix Vancouver 2015 Top 8,Horizon Canopy,4
Daniel Ward - Grand Prix Vancouver 2015 Top 8,Temple Garden,4
Daniel Ward - Grand Prix Vancouver 2015 Top 8,Forest,1
Daniel Ward - Grand Prix Vancouver 2015 Top 8,Windswept Heath,4
Daniel Ward - Grand Prix Vancouver 2015 Top 8,Misty Rainforest,1
Daniel Ward - Grand Prix Vancouver 2015 Top 8,Verdant Catacombs,1
Daniel Ward - Grand Prix Vancouver 2015 Top 8,Plains,1
Daniel Ward - Grand Prix Vancouver 2015 Top 8,Razorverge Thicket,4
BRAD NELSON - GRAND PRIX MEMPHIS TOP 8,"Elspeth, Sun's Champion",3
BRAD NELSON - GRAND PRIX MEMPHIS TOP 8,Courser of Kruphix,4
BRAD NELSON - GRAND PRIX MEMPHIS TOP 8,Siege Rhino,4
BRAD NELSON - GRAND PRIX MEMPHIS TOP 8,"Tasigur, the Golden Fang",2
BRAD NELSON - GRAND PRIX MEMPHIS TOP 8,Thoughtseize,4
BRAD NELSON - GRAND PRIX MEMPHIS TOP 8,Read the Bones,2
BRAD NELSON - GRAND PRIX MEMPHIS TOP 8,End Hostilities,2
BRAD NELSON - GRAND PRIX MEMPHIS TOP 8,Hero's Downfall,4
BRAD NELSON - GRAND PRIX MEMPHIS TOP 8,Abzan Charm,4
BRAD NELSON - GRAND PRIX MEMPHIS TOP 8,Bile Blight,3
BRAD NELSON - GRAND PRIX MEMPHIS TOP 8,Murderous Cut,1
BRAD NELSON - GRAND PRIX MEMPHIS TOP 8,Utter End,1
BRAD NELSON - GRAND PRIX MEMPHIS TOP 8,Sandsteppe Citadel,4
BRAD NELSON - GRAND PRIX MEMPHIS TOP 8,Temple of Malady,4
BRAD NELSON - GRAND PRIX MEMPHIS TOP 8,Temple of Silence,4
BRAD NELSON - GRAND PRIX MEMPHIS TOP 8,Windswept Heath,4
BRAD NELSON - GRAND PRIX MEMPHIS TOP 8,"Urborg, Tomb of Yawgmoth",1
BRAD NELSON - GRAND PRIX MEMPHIS TOP 8,Llanowar Wastes,3
BRAD NELSON - GRAND PRIX MEMPHIS TOP 8,Caves of Koilos,2
BRAD NELSON - GRAND PRIX MEMPHIS TOP 8,Forest,2
BRAD NELSON - GRAND PRIX MEMPHIS TOP 8,Plains,2
BEN STARK - GRAND PRIX MEMPHIS TOP 8,Seeker of the Way,4
BEN STARK - GRAND PRIX MEMPHIS TOP 8,Soulfire Grand Master,4
BEN STARK - GRAND PRIX MEMPHIS TOP 8,Goblin Rabblemaster,4
BEN STARK - GRAND PRIX MEMPHIS TOP 8,Hordeling Outburst,4
BEN STARK - GRAND PRIX MEMPHIS TOP 8,Wild Slash,4
BEN STARK - GRAND PRIX MEMPHIS TOP 8,Stoke the Flames,4
BEN STARK - GRAND PRIX MEMPHIS TOP 8,Lightning Strike,3
BEN STARK - GRAND PRIX MEMPHIS TOP 8,Valorous Stance,1
BEN STARK - GRAND PRIX MEMPHIS TOP 8,Outpost Siege,4
BEN STARK - GRAND PRIX MEMPHIS TOP 8,Chained to the Rocks,4
BEN STARK - GRAND PRIX MEMPHIS TOP 8,Battlefield Forge,4
BEN STARK - GRAND PRIX MEMPHIS TOP 8,Temple of Triumph,4
BEN STARK - GRAND PRIX MEMPHIS TOP 8,Evolving Wilds,3
BEN STARK - GRAND PRIX MEMPHIS TOP 8,Mountain,9
BEN STARK - GRAND PRIX MEMPHIS TOP 8,Plains,4
CHRIS FENNELL - GRAND PRIX MEMPHIS TOP 8,"Ugin, the Spirit Dragon",1
CHRIS FENNELL - GRAND PRIX MEMPHIS TOP 8,"Elspeth, Sun's Champion",3
CHRIS FENNELL - GRAND PRIX MEMPHIS TOP 8,"Tasigur, the Golden Fang",2
CHRIS FENNELL - GRAND PRIX MEMPHIS TOP 8,Siege Rhino,4
CHRIS FENNELL - GRAND PRIX MEMPHIS TOP 8,Courser of Kruphix,4
CHRIS FENNELL - GRAND PRIX MEMPHIS TOP 8,End Hostilities,2
CHRIS FENNELL - GRAND PRIX MEMPHIS TOP 8,Read the Bones,1
CHRIS FENNELL - GRAND PRIX MEMPHIS TOP 8,Thoughtseize,4
CHRIS FENNELL - GRAND PRIX MEMPHIS TOP 8,Hero's Downfall,4
CHRIS FENNELL - GRAND PRIX MEMPHIS TOP 8,Bile Blight,3
CHRIS FENNELL - GRAND PRIX MEMPHIS TOP 8,Utter End,1
CHRIS FENNELL - GRAND PRIX MEMPHIS TOP 8,Abzan Charm,4
CHRIS FENNELL - GRAND PRIX MEMPHIS TOP 8,Murderous Cut,1
CHRIS FENNELL - GRAND PRIX MEMPHIS TOP 8,"Urborg, Tomb of Yawgmoth",1
CHRIS FENNELL - GRAND PRIX MEMPHIS TOP 8,Temple of Silence,4
CHRIS FENNELL - GRAND PRIX MEMPHIS TOP 8,Temple of Malady,4
CHRIS FENNELL - GRAND PRIX MEMPHIS TOP 8,Llanowar Wastes,3
CHRIS FENNELL - GRAND PRIX MEMPHIS TOP 8,Caves of Koilos,2
CHRIS FENNELL - GRAND PRIX MEMPHIS TOP 8,Windswept Heath,4
CHRIS FENNELL - GRAND PRIX MEMPHIS TOP 8,Sandsteppe Citadel,4
CHRIS FENNELL - GRAND PRIX MEMPHIS TOP 8,Plains,2
CHRIS FENNELL - GRAND PRIX MEMPHIS TOP 8,Forest,2
JACK FOGLE - GRAND PRIX MEMPHIS TOP 8,"Ugin, the Spirit Dragon",2
JACK FOGLE - GRAND PRIX MEMPHIS TOP 8,"Garruk, Apex Predator",1
JACK FOGLE - GRAND PRIX MEMPHIS TOP 8,"Ashiok, Nightmare Weaver",2
JACK FOGLE - GRAND PRIX MEMPHIS TOP 8,"Kiora, the Crashing Wave",2
JACK FOGLE - GRAND PRIX MEMPHIS TOP 8,Satyr Wayfinder,4
JACK FOGLE - GRAND PRIX MEMPHIS TOP 8,Thoughtseize,3
JACK FOGLE - GRAND PRIX MEMPHIS TOP 8,Crux of Fate,2
JACK FOGLE - GRAND PRIX MEMPHIS TOP 8,Treasure Cruise,1
JACK FOGLE - GRAND PRIX MEMPHIS TOP 8,Bile Blight,4
JACK FOGLE - GRAND PRIX MEMPHIS TOP 8,Dig Through Time,4
JACK FOGLE - GRAND PRIX MEMPHIS TOP 8,Disdainful Stroke,2
JACK FOGLE - GRAND PRIX MEMPHIS TOP 8,Hero's Downfall,4
JACK FOGLE - GRAND PRIX MEMPHIS TOP 8,Murderous Cut,1
JACK FOGLE - GRAND PRIX MEMPHIS TOP 8,Sultai Charm,3
JACK FOGLE - GRAND PRIX MEMPHIS TOP 8,Island,2
JACK FOGLE - GRAND PRIX MEMPHIS TOP 8,Swamp,3
JACK FOGLE - GRAND PRIX MEMPHIS TOP 8,Llanowar Wastes,2
JACK FOGLE - GRAND PRIX MEMPHIS TOP 8,Opulent Palace,4
JACK FOGLE - GRAND PRIX MEMPHIS TOP 8,Polluted Delta,4
JACK FOGLE - GRAND PRIX MEMPHIS TOP 8,Temple of Deceit,2
JACK FOGLE - GRAND PRIX MEMPHIS TOP 8,Temple of Malady,4
JACK FOGLE - GRAND PRIX MEMPHIS TOP 8,Temple of Mystery,1
JACK FOGLE - GRAND PRIX MEMPHIS TOP 8,Yavimaya Coast,2
JACK FOGLE - GRAND PRIX MEMPHIS TOP 8,"Urborg, Tomb of Yawgmoth",1
ALEX MAJLATON - GRAND PRIX MEMPHIS TOP 8,"Elspeth, Sun's Champion",3
ALEX MAJLATON - GRAND PRIX MEMPHIS TOP 8,"Ugin, the Spirit Dragon",1
ALEX MAJLATON - GRAND PRIX MEMPHIS TOP 8,Liliana Vess,1
ALEX MAJLATON - GRAND PRIX MEMPHIS TOP 8,Siege Rhino,4
ALEX MAJLATON - GRAND PRIX MEMPHIS TOP 8,Courser of Kruphix,4
ALEX MAJLATON - GRAND PRIX MEMPHIS TOP 8,"Tasigur, the Golden Fang",1
ALEX MAJLATON - GRAND PRIX MEMPHIS TOP 8,Thoughtseize,4
ALEX MAJLATON - GRAND PRIX MEMPHIS TOP 8,Read the Bones,2
ALEX MAJLATON - GRAND PRIX MEMPHIS TOP 8,End Hostilities,1
ALEX MAJLATON - GRAND PRIX MEMPHIS TOP 8,Abzan Charm,4
ALEX MAJLATON - GRAND PRIX MEMPHIS TOP 8,Hero's Downfall,3
ALEX MAJLATON - GRAND PRIX MEMPHIS TOP 8,Bile Blight,3
ALEX MAJLATON - GRAND PRIX MEMPHIS TOP 8,Utter End,2
ALEX MAJLATON - GRAND PRIX MEMPHIS TOP 8,Murderous Cut,1
ALEX MAJLATON - GRAND PRIX MEMPHIS TOP 8,Sandsteppe Citadel,4
ALEX MAJLATON - GRAND PRIX MEMPHIS TOP 8,Temple of Malady,4
ALEX MAJLATON - GRAND PRIX MEMPHIS TOP 8,Windswept Heath,4
ALEX MAJLATON - GRAND PRIX MEMPHIS TOP 8,Caves of Koilos,3
ALEX MAJLATON - GRAND PRIX MEMPHIS TOP 8,Temple of Silence,4
ALEX MAJLATON - GRAND PRIX MEMPHIS TOP 8,Llanowar Wastes,2
ALEX MAJLATON - GRAND PRIX MEMPHIS TOP 8,Forest,2
ALEX MAJLATON - GRAND PRIX MEMPHIS TOP 8,Plains,2
ALEX MAJLATON - GRAND PRIX MEMPHIS TOP 8,"Urborg, Tomb of Yawgmoth",1
ERIC RATH - GRAND PRIX MEMPHIS TOP 8,"Chandra, Pyromaster",1
ERIC RATH - GRAND PRIX MEMPHIS TOP 8,Stormbreath Dragon,4
ERIC RATH - GRAND PRIX MEMPHIS TOP 8,Ashcloud Phoenix,1
ERIC RATH - GRAND PRIX MEMPHIS TOP 8,"Brimaz, King of Oreskos",2
ERIC RATH - GRAND PRIX MEMPHIS TOP 8,Heliod's Pilgrim,1
ERIC RATH - GRAND PRIX MEMPHIS TOP 8,Goblin Rabblemaster,4
ERIC RATH - GRAND PRIX MEMPHIS TOP 8,Seeker of the Way,4
ERIC RATH - GRAND PRIX MEMPHIS TOP 8,Hordeling Outburst,4
ERIC RATH - GRAND PRIX MEMPHIS TOP 8,Stoke the Flames,4
ERIC RATH - GRAND PRIX MEMPHIS TOP 8,Lightning Strike,3
ERIC RATH - GRAND PRIX MEMPHIS TOP 8,Wild Slash,2
ERIC RATH - GRAND PRIX MEMPHIS TOP 8,Outpost Siege,2
ERIC RATH - GRAND PRIX MEMPHIS TOP 8,Chained to the Rocks,4
ERIC RATH - GRAND PRIX MEMPHIS TOP 8,Battlefield Forge,4
ERIC RATH - GRAND PRIX MEMPHIS TOP 8,Temple of Triumph,4
ERIC RATH - GRAND PRIX MEMPHIS TOP 8,Evolving Wilds,1
ERIC RATH - GRAND PRIX MEMPHIS TOP 8,Mana Confluence,1
ERIC RATH - GRAND PRIX MEMPHIS TOP 8,Plains,5
ERIC RATH - GRAND PRIX MEMPHIS TOP 8,Mountain,9
PATRICK COWE - GRAND PRIX MEMPHIS TOP 8,"Elspeth, Sun's Champion",3
PATRICK COWE - GRAND PRIX MEMPHIS TOP 8,Liliana Vess,1
PATRICK COWE - GRAND PRIX MEMPHIS TOP 8,"Nissa, Worldwaker",1
PATRICK COWE - GRAND PRIX MEMPHIS TOP 8,"Sorin, Solemn Visitor",1
PATRICK COWE - GRAND PRIX MEMPHIS TOP 8,"Ugin, the Spirit Dragon",1
PATRICK COWE - GRAND PRIX MEMPHIS TOP 8,Courser of Kruphix,4
PATRICK COWE - GRAND PRIX MEMPHIS TOP 8,Siege Rhino,4
PATRICK COWE - GRAND PRIX MEMPHIS TOP 8,"Tasigur, the Golden Fang",2
PATRICK COWE - GRAND PRIX MEMPHIS TOP 8,Thoughtseize,4
PATRICK COWE - GRAND PRIX MEMPHIS TOP 8,Read the Bones,2
PATRICK COWE - GRAND PRIX MEMPHIS TOP 8,End Hostilities,1
PATRICK COWE - GRAND PRIX MEMPHIS TOP 8,Abzan Charm,4
PATRICK COWE - GRAND PRIX MEMPHIS TOP 8,Bile Blight,3
PATRICK COWE - GRAND PRIX MEMPHIS TOP 8,Hero's Downfall,3
PATRICK COWE - GRAND PRIX MEMPHIS TOP 8,Utter End,1
PATRICK COWE - GRAND PRIX MEMPHIS TOP 8,Sandsteppe Citadel,4
PATRICK COWE - GRAND PRIX MEMPHIS TOP 8,Temple of Silence,4
PATRICK COWE - GRAND PRIX MEMPHIS TOP 8,Windswept Heath,4
PATRICK COWE - GRAND PRIX MEMPHIS TOP 8,Forest,3
PATRICK COWE - GRAND PRIX MEMPHIS TOP 8,Llanowar Wastes,3
PATRICK COWE - GRAND PRIX MEMPHIS TOP 8,Temple of Malady,3
PATRICK COWE - GRAND PRIX MEMPHIS TOP 8,Plains,2
PATRICK COWE - GRAND PRIX MEMPHIS TOP 8,Caves of Koilos,1
PATRICK COWE - GRAND PRIX MEMPHIS TOP 8,"Urborg, Tomb of Yawgmoth",1
STEVE RUBIN - GRAND PRIX MEMPHIS TOP 8,"Ugin, the Spirit Dragon",1
STEVE RUBIN - GRAND PRIX MEMPHIS TOP 8,Liliana Vess,1
STEVE RUBIN - GRAND PRIX MEMPHIS TOP 8,"Elspeth, Sun's Champion",3
STEVE RUBIN - GRAND PRIX MEMPHIS TOP 8,"Tasigur, the Golden Fang",1
STEVE RUBIN - GRAND PRIX MEMPHIS TOP 8,Siege Rhino,4
STEVE RUBIN - GRAND PRIX MEMPHIS TOP 8,Courser of Kruphix,4
STEVE RUBIN - GRAND PRIX MEMPHIS TOP 8,End Hostilities,1
STEVE RUBIN - GRAND PRIX MEMPHIS TOP 8,Read the Bones,2
STEVE RUBIN - GRAND PRIX MEMPHIS TOP 8,Thoughtseize,4
STEVE RUBIN - GRAND PRIX MEMPHIS TOP 8,Utter End,2
STEVE RUBIN - GRAND PRIX MEMPHIS TOP 8,Abzan Charm,4
STEVE RUBIN - GRAND PRIX MEMPHIS TOP 8,Hero's Downfall,3
STEVE RUBIN - GRAND PRIX MEMPHIS TOP 8,Bile Blight,3
STEVE RUBIN - GRAND PRIX MEMPHIS TOP 8,Murderous Cut,1
STEVE RUBIN - GRAND PRIX MEMPHIS TOP 8,Windswept Heath,4
STEVE RUBIN - GRAND PRIX MEMPHIS TOP 8,Caves of Koilos,3
STEVE RUBIN - GRAND PRIX MEMPHIS TOP 8,Llanowar Wastes,2
STEVE RUBIN - GRAND PRIX MEMPHIS TOP 8,Temple of Silence,4
STEVE RUBIN - GRAND PRIX MEMPHIS TOP 8,Temple of Malady,4
STEVE RUBIN - GRAND PRIX MEMPHIS TOP 8,"Urborg, Tomb of Yawgmoth",1
STEVE RUBIN - GRAND PRIX MEMPHIS TOP 8,Sandsteppe Citadel,4
STEVE RUBIN - GRAND PRIX MEMPHIS TOP 8,Plains,2
STEVE RUBIN - GRAND PRIX MEMPHIS TOP 8,Forest,2
Carlos Ballester Garca  Grand Prix Seville 2015 Top 8,"Xenagos, the Reveler",2
Carlos Ballester Garca  Grand Prix Seville 2015 Top 8,"Nissa, Worldwaker",1
Carlos Ballester Garca  Grand Prix Seville 2015 Top 8,Stormbreath Dragon,2
Carlos Ballester Garca  Grand Prix Seville 2015 Top 8,Genesis Hydra,3
Carlos Ballester Garca  Grand Prix Seville 2015 Top 8,Hornet Queen,2
Carlos Ballester Garca  Grand Prix Seville 2015 Top 8,Voyaging Satyr,4
Carlos Ballester Garca  Grand Prix Seville 2015 Top 8,Sylvan Caryatid,3
Carlos Ballester Garca  Grand Prix Seville 2015 Top 8,Elvish Mystic,3
Carlos Ballester Garca  Grand Prix Seville 2015 Top 8,"Polukranos, World Eater",3
Carlos Ballester Garca  Grand Prix Seville 2015 Top 8,Whisperwood Elemental,2
Carlos Ballester Garca  Grand Prix Seville 2015 Top 8,Courser of Kruphix,4
Carlos Ballester Garca  Grand Prix Seville 2015 Top 8,"Nylea, God of the Hunt",1
Carlos Ballester Garca  Grand Prix Seville 2015 Top 8,Crater's Claws,2
Carlos Ballester Garca  Grand Prix Seville 2015 Top 8,Lightning Strike,3
Carlos Ballester Garca  Grand Prix Seville 2015 Top 8,Wild Slash,1
Carlos Ballester Garca  Grand Prix Seville 2015 Top 8,Mountain,4
Carlos Ballester Garca  Grand Prix Seville 2015 Top 8,Forest,8
Carlos Ballester Garca  Grand Prix Seville 2015 Top 8,Temple of Abandon,4
Carlos Ballester Garca  Grand Prix Seville 2015 Top 8,"Nykthos, Shrine to Nyx",4
Carlos Ballester Garca  Grand Prix Seville 2015 Top 8,Wooded Foothills,4
Martin Jza  Grand Prix Seville 2015 Top 8,Seeker of the Way,4
Martin Jza  Grand Prix Seville 2015 Top 8,Soulfire Grand Master,1
Martin Jza  Grand Prix Seville 2015 Top 8,Mantis Rider,4
Martin Jza  Grand Prix Seville 2015 Top 8,Goblin Rabblemaster,4
Martin Jza  Grand Prix Seville 2015 Top 8,Stormbreath Dragon,3
Martin Jza  Grand Prix Seville 2015 Top 8,Treasure Cruise,3
Martin Jza  Grand Prix Seville 2015 Top 8,Wild Slash,3
Martin Jza  Grand Prix Seville 2015 Top 8,Lightning Strike,4
Martin Jza  Grand Prix Seville 2015 Top 8,Stoke the Flames,4
Martin Jza  Grand Prix Seville 2015 Top 8,Valorous Stance,3
Martin Jza  Grand Prix Seville 2015 Top 8,Abzan Advantage,1
Martin Jza  Grand Prix Seville 2015 Top 8,Dig Through Time,1
Martin Jza  Grand Prix Seville 2015 Top 8,Outpost Siege,1
Martin Jza  Grand Prix Seville 2015 Top 8,Mystic Monastery,4
Martin Jza  Grand Prix Seville 2015 Top 8,Temple of Triumph,4
Martin Jza  Grand Prix Seville 2015 Top 8,Temple of Epiphany,2
Martin Jza  Grand Prix Seville 2015 Top 8,Shivan Reef,4
Martin Jza  Grand Prix Seville 2015 Top 8,Battlefield Forge,2
Martin Jza  Grand Prix Seville 2015 Top 8,Flooded Strand,4
Martin Jza  Grand Prix Seville 2015 Top 8,Plains,2
Martin Jza  Grand Prix Seville 2015 Top 8,Island,2
Marcio Carvalho  Grand Prix Seville 2015 Top 8,"Nissa, Worldwaker",2
Marcio Carvalho  Grand Prix Seville 2015 Top 8,"Ugin, the Spirit Dragon",2
Marcio Carvalho  Grand Prix Seville 2015 Top 8,Elvish Mystic,4
Marcio Carvalho  Grand Prix Seville 2015 Top 8,Sylvan Caryatid,4
Marcio Carvalho  Grand Prix Seville 2015 Top 8,Voyaging Satyr,4
Marcio Carvalho  Grand Prix Seville 2015 Top 8,Courser of Kruphix,4
Marcio Carvalho  Grand Prix Seville 2015 Top 8,"Polukranos, World Eater",4
Marcio Carvalho  Grand Prix Seville 2015 Top 8,Genesis Hydra,3
Marcio Carvalho  Grand Prix Seville 2015 Top 8,Whisperwood Elemental,4
Marcio Carvalho  Grand Prix Seville 2015 Top 8,Arbor Colossus,1
Marcio Carvalho  Grand Prix Seville 2015 Top 8,Hornet Queen,3
Marcio Carvalho  Grand Prix Seville 2015 Top 8,Frontier Siege,1
Marcio Carvalho  Grand Prix Seville 2015 Top 8,Forest,17
Marcio Carvalho  Grand Prix Seville 2015 Top 8,"Nykthos, Shrine to Nyx",3
Marcio Carvalho  Grand Prix Seville 2015 Top 8,Wooded Foothills,4
Immanuel Gerschenson  Grand Prix Seville 2015 Top 8,"Ashiok, Nightmare Weaver",2
Immanuel Gerschenson  Grand Prix Seville 2015 Top 8,"Ugin, the Spirit Dragon",2
Immanuel Gerschenson  Grand Prix Seville 2015 Top 8,Pearl Lake Ancient,1
Immanuel Gerschenson  Grand Prix Seville 2015 Top 8,Crux of Fate,2
Immanuel Gerschenson  Grand Prix Seville 2015 Top 8,Dig Through Time,4
Immanuel Gerschenson  Grand Prix Seville 2015 Top 8,Jace's Ingenuity,3
Immanuel Gerschenson  Grand Prix Seville 2015 Top 8,Bile Blight,4
Immanuel Gerschenson  Grand Prix Seville 2015 Top 8,Hero's Downfall,4
Immanuel Gerschenson  Grand Prix Seville 2015 Top 8,Silence the Believers,1
Immanuel Gerschenson  Grand Prix Seville 2015 Top 8,Disdainful Stroke,4
Immanuel Gerschenson  Grand Prix Seville 2015 Top 8,Dissolve,4
Immanuel Gerschenson  Grand Prix Seville 2015 Top 8,Perilous Vault,1
Immanuel Gerschenson  Grand Prix Seville 2015 Top 8,Island,5
Immanuel Gerschenson  Grand Prix Seville 2015 Top 8,Swamp,5
Immanuel Gerschenson  Grand Prix Seville 2015 Top 8,Radiant Fountain,3
Immanuel Gerschenson  Grand Prix Seville 2015 Top 8,Polluted Delta,4
Immanuel Gerschenson  Grand Prix Seville 2015 Top 8,Bloodstained Mire,1
Immanuel Gerschenson  Grand Prix Seville 2015 Top 8,Flooded Strand,1
Immanuel Gerschenson  Grand Prix Seville 2015 Top 8,"Urborg, Tomb of Yawgmoth",1
Immanuel Gerschenson  Grand Prix Seville 2015 Top 8,Temple of Deceit,4
Immanuel Gerschenson  Grand Prix Seville 2015 Top 8,Dismal Backwater,4
Pierre Sommen  Grand Prix Seville 2015 Top 8,"Sorin, Solemn Visitor",1
Pierre Sommen  Grand Prix Seville 2015 Top 8,Siege Rhino,4
Pierre Sommen  Grand Prix Seville 2015 Top 8,Rakshasa Deathdealer,4
Pierre Sommen  Grand Prix Seville 2015 Top 8,"Anafenza, the Foremost",3
Pierre Sommen  Grand Prix Seville 2015 Top 8,Courser of Kruphix,3
Pierre Sommen  Grand Prix Seville 2015 Top 8,Fleecemane Lion,4
Pierre Sommen  Grand Prix Seville 2015 Top 8,Wingmate Roc,3
Pierre Sommen  Grand Prix Seville 2015 Top 8,Heir of the Wilds,1
Pierre Sommen  Grand Prix Seville 2015 Top 8,Thoughtseize,3
Pierre Sommen  Grand Prix Seville 2015 Top 8,Bile Blight,1
Pierre Sommen  Grand Prix Seville 2015 Top 8,Hero's Downfall,4
Pierre Sommen  Grand Prix Seville 2015 Top 8,Abzan Charm,4
Pierre Sommen  Grand Prix Seville 2015 Top 8,Llanowar Wastes,3
Pierre Sommen  Grand Prix Seville 2015 Top 8,Windswept Heath,4
Pierre Sommen  Grand Prix Seville 2015 Top 8,"Urborg, Tomb of Yawgmoth",2
Pierre Sommen  Grand Prix Seville 2015 Top 8,Caves of Koilos,2
Pierre Sommen  Grand Prix Seville 2015 Top 8,Forest,2
Pierre Sommen  Grand Prix Seville 2015 Top 8,Plains,1
Pierre Sommen  Grand Prix Seville 2015 Top 8,Sandsteppe Citadel,4
Pierre Sommen  Grand Prix Seville 2015 Top 8,Temple of Malady,3
Pierre Sommen  Grand Prix Seville 2015 Top 8,Temple of Plenty,1
Pierre Sommen  Grand Prix Seville 2015 Top 8,Temple of Silence,3
Marcos Antonio Cordero Valle  Grand Prix Seville 2015 Top 8,Seeker of the Way,2
Marcos Antonio Cordero Valle  Grand Prix Seville 2015 Top 8,Hero of Iroas,4
Marcos Antonio Cordero Valle  Grand Prix Seville 2015 Top 8,Lagonna-Band Trailblazer,2
Marcos Antonio Cordero Valle  Grand Prix Seville 2015 Top 8,Favored Hoplite,4
Marcos Antonio Cordero Valle  Grand Prix Seville 2015 Top 8,Battlewise Hoplite,4
Marcos Antonio Cordero Valle  Grand Prix Seville 2015 Top 8,Feat of Resistance,1
Marcos Antonio Cordero Valle  Grand Prix Seville 2015 Top 8,Ajani's Presence,3
Marcos Antonio Cordero Valle  Grand Prix Seville 2015 Top 8,Defiant Strike,4
Marcos Antonio Cordero Valle  Grand Prix Seville 2015 Top 8,Triton Tactics,1
Marcos Antonio Cordero Valle  Grand Prix Seville 2015 Top 8,Gods Willing,4
Marcos Antonio Cordero Valle  Grand Prix Seville 2015 Top 8,Ordeal of Thassa,4
Marcos Antonio Cordero Valle  Grand Prix Seville 2015 Top 8,Ordeal of Heliod,3
Marcos Antonio Cordero Valle  Grand Prix Seville 2015 Top 8,Stratus Walk,2
Marcos Antonio Cordero Valle  Grand Prix Seville 2015 Top 8,Aqueous Form,2
Marcos Antonio Cordero Valle  Grand Prix Seville 2015 Top 8,Flooded Strand,4
Marcos Antonio Cordero Valle  Grand Prix Seville 2015 Top 8,Temple of Enlightenment,4
Marcos Antonio Cordero Valle  Grand Prix Seville 2015 Top 8,Mana Confluence,3
Marcos Antonio Cordero Valle  Grand Prix Seville 2015 Top 8,Island,3
Marcos Antonio Cordero Valle  Grand Prix Seville 2015 Top 8,Plains,6
Nicholas Merrien  Grand Prix Seville 2015 Top 8,"Sorin, Solemn Visitor",2
Nicholas Merrien  Grand Prix Seville 2015 Top 8,"Elspeth, Sun's Champion",1
Nicholas Merrien  Grand Prix Seville 2015 Top 8,Fleecemane Lion,4
Nicholas Merrien  Grand Prix Seville 2015 Top 8,"Brimaz, King of Oreskos",2
Nicholas Merrien  Grand Prix Seville 2015 Top 8,Sylvan Caryatid,3
Nicholas Merrien  Grand Prix Seville 2015 Top 8,Siege Rhino,4
Nicholas Merrien  Grand Prix Seville 2015 Top 8,"Anafenza, the Foremost",2
Nicholas Merrien  Grand Prix Seville 2015 Top 8,"Tasigur, the Golden Fang",1
Nicholas Merrien  Grand Prix Seville 2015 Top 8,Courser of Kruphix,4
Nicholas Merrien  Grand Prix Seville 2015 Top 8,Thoughtseize,2
Nicholas Merrien  Grand Prix Seville 2015 Top 8,Hero's Downfall,3
Nicholas Merrien  Grand Prix Seville 2015 Top 8,Abzan Charm,4
Nicholas Merrien  Grand Prix Seville 2015 Top 8,Bile Blight,2
Nicholas Merrien  Grand Prix Seville 2015 Top 8,Valorous Stance,1
Nicholas Merrien  Grand Prix Seville 2015 Top 8,Whip of Erebos,1
Nicholas Merrien  Grand Prix Seville 2015 Top 8,Temple of Silence,1
Nicholas Merrien  Grand Prix Seville 2015 Top 8,"Urborg, Tomb of Yawgmoth",1
Nicholas Merrien  Grand Prix Seville 2015 Top 8,Caves of Koilos,2
Nicholas Merrien  Grand Prix Seville 2015 Top 8,Temple of Plenty,1
Nicholas Merrien  Grand Prix Seville 2015 Top 8,Temple of Malady,3
Nicholas Merrien  Grand Prix Seville 2015 Top 8,Llanowar Wastes,4
Nicholas Merrien  Grand Prix Seville 2015 Top 8,Windswept Heath,4
Nicholas Merrien  Grand Prix Seville 2015 Top 8,Sandsteppe Citadel,4
Nicholas Merrien  Grand Prix Seville 2015 Top 8,Plains,2
Nicholas Merrien  Grand Prix Seville 2015 Top 8,Forest,2
Alexandre Habert  Grand Prix Seville 2015 Top 8,Sylvan Caryatid,3
Alexandre Habert  Grand Prix Seville 2015 Top 8,Satyr Wayfinder,4
Alexandre Habert  Grand Prix Seville 2015 Top 8,Courser of Kruphix,4
Alexandre Habert  Grand Prix Seville 2015 Top 8,"Sidisi, Brood Tyrant",4
Alexandre Habert  Grand Prix Seville 2015 Top 8,Doomwake Giant,2
Alexandre Habert  Grand Prix Seville 2015 Top 8,Torrent Elemental,1
Alexandre Habert  Grand Prix Seville 2015 Top 8,"Tasigur, the Golden Fang",3
Alexandre Habert  Grand Prix Seville 2015 Top 8,Hornet Queen,3
Alexandre Habert  Grand Prix Seville 2015 Top 8,Bile Blight,2
Alexandre Habert  Grand Prix Seville 2015 Top 8,Hero's Downfall,3
Alexandre Habert  Grand Prix Seville 2015 Top 8,Murderous Cut,4
Alexandre Habert  Grand Prix Seville 2015 Top 8,Whip of Erebos,3
Alexandre Habert  Grand Prix Seville 2015 Top 8,Island,1
Alexandre Habert  Grand Prix Seville 2015 Top 8,Swamp,3
Alexandre Habert  Grand Prix Seville 2015 Top 8,Forest,3
Alexandre Habert  Grand Prix Seville 2015 Top 8,"Urborg, Tomb of Yawgmoth",1
Alexandre Habert  Grand Prix Seville 2015 Top 8,Windswept Heath,1
Alexandre Habert  Grand Prix Seville 2015 Top 8,Polluted Delta,2
Alexandre Habert  Grand Prix Seville 2015 Top 8,Yavimaya Coast,2
Alexandre Habert  Grand Prix Seville 2015 Top 8,Temple of Mystery,1
Alexandre Habert  Grand Prix Seville 2015 Top 8,Temple of Malady,2
Alexandre Habert  Grand Prix Seville 2015 Top 8,Llanowar Wastes,4
Alexandre Habert  Grand Prix Seville 2015 Top 8,Opulent Palace,4
Antonio Del Moral Len - Pro Tour Fate Reforged Top 8,Snapcaster Mage,3
Antonio Del Moral Len - Pro Tour Fate Reforged Top 8,Vendilion Clique,2
Antonio Del Moral Len - Pro Tour Fate Reforged Top 8,Deceiver Exarch,4
Antonio Del Moral Len - Pro Tour Fate Reforged Top 8,Pestermite,2
Antonio Del Moral Len - Pro Tour Fate Reforged Top 8,Flame Slash,1
Antonio Del Moral Len - Pro Tour Fate Reforged Top 8,Serum Visions,4
Antonio Del Moral Len - Pro Tour Fate Reforged Top 8,Peek,1
Antonio Del Moral Len - Pro Tour Fate Reforged Top 8,Dispel,1
Antonio Del Moral Len - Pro Tour Fate Reforged Top 8,Electrolyze,2
Antonio Del Moral Len - Pro Tour Fate Reforged Top 8,Spell Snare,2
Antonio Del Moral Len - Pro Tour Fate Reforged Top 8,Cryptic Command,2
Antonio Del Moral Len - Pro Tour Fate Reforged Top 8,Remand,4
Antonio Del Moral Len - Pro Tour Fate Reforged Top 8,Lightning Bolt,4
Antonio Del Moral Len - Pro Tour Fate Reforged Top 8,Splinter Twin,4
Antonio Del Moral Len - Pro Tour Fate Reforged Top 8,Misty Rainforest,4
Antonio Del Moral Len - Pro Tour Fate Reforged Top 8,Scalding Tarn,4
Antonio Del Moral Len - Pro Tour Fate Reforged Top 8,Sulfur Falls,4
Antonio Del Moral Len - Pro Tour Fate Reforged Top 8,Stomping Ground,1
Antonio Del Moral Len - Pro Tour Fate Reforged Top 8,Steam Vents,3
Antonio Del Moral Len - Pro Tour Fate Reforged Top 8,Desolate Lighthouse,1
Antonio Del Moral Len - Pro Tour Fate Reforged Top 8,Tectonic Edge,1
Antonio Del Moral Len - Pro Tour Fate Reforged Top 8,Mountain,1
Antonio Del Moral Len - Pro Tour Fate Reforged Top 8,Island,5
Justin Cohen - Pro Tour Fate Reforged Top 8,Primeval Titan,4
Justin Cohen - Pro Tour Fate Reforged Top 8,Simian Spirit Guide,1
Justin Cohen - Pro Tour Fate Reforged Top 8,"Azusa, Lost but Seeking",2
Justin Cohen - Pro Tour Fate Reforged Top 8,Serum Visions,4
Justin Cohen - Pro Tour Fate Reforged Top 8,Ancient Stirrings,4
Justin Cohen - Pro Tour Fate Reforged Top 8,Summer Bloom,4
Justin Cohen - Pro Tour Fate Reforged Top 8,Summoner's Pact,4
Justin Cohen - Pro Tour Fate Reforged Top 8,Pact of Negation,2
Justin Cohen - Pro Tour Fate Reforged Top 8,Slaughter Pact,1
Justin Cohen - Pro Tour Fate Reforged Top 8,Amulet of Vigor,4
Justin Cohen - Pro Tour Fate Reforged Top 8,Hive Mind,3
Justin Cohen - Pro Tour Fate Reforged Top 8,Khalni Garden,1
Justin Cohen - Pro Tour Fate Reforged Top 8,Vesuva,1
Justin Cohen - Pro Tour Fate Reforged Top 8,Slayers' Stronghold,1
Justin Cohen - Pro Tour Fate Reforged Top 8,Boros Garrison,1
Justin Cohen - Pro Tour Fate Reforged Top 8,"Sunhome, Fortress of the Legion",1
Justin Cohen - Pro Tour Fate Reforged Top 8,Radiant Fountain,1
Justin Cohen - Pro Tour Fate Reforged Top 8,Tendo Ice Bridge,1
Justin Cohen - Pro Tour Fate Reforged Top 8,Mana Confluence,1
Justin Cohen - Pro Tour Fate Reforged Top 8,Forest,1
Justin Cohen - Pro Tour Fate Reforged Top 8,Golgari Rot Farm,1
Justin Cohen - Pro Tour Fate Reforged Top 8,Selesnya Sanctuary,1
Justin Cohen - Pro Tour Fate Reforged Top 8,Gemstone Mine,4
Justin Cohen - Pro Tour Fate Reforged Top 8,Tolaria West,3
Justin Cohen - Pro Tour Fate Reforged Top 8,Gruul Turf,3
Justin Cohen - Pro Tour Fate Reforged Top 8,Simic Growth Chamber,4
Justin Cohen - Pro Tour Fate Reforged Top 8,Cavern of Souls,2
Jelger Wiegersma - Pro Tour Fate Reforged Top 8,Snapcaster Mage,4
Jelger Wiegersma - Pro Tour Fate Reforged Top 8,Deceiver Exarch,4
Jelger Wiegersma - Pro Tour Fate Reforged Top 8,Pestermite,2
Jelger Wiegersma - Pro Tour Fate Reforged Top 8,Serum Visions,4
Jelger Wiegersma - Pro Tour Fate Reforged Top 8,Sleight of Hand,2
Jelger Wiegersma - Pro Tour Fate Reforged Top 8,Remand,3
Jelger Wiegersma - Pro Tour Fate Reforged Top 8,Mana Leak,2
Jelger Wiegersma - Pro Tour Fate Reforged Top 8,Spell Snare,2
Jelger Wiegersma - Pro Tour Fate Reforged Top 8,Cryptic Command,3
Jelger Wiegersma - Pro Tour Fate Reforged Top 8,Lightning Bolt,4
Jelger Wiegersma - Pro Tour Fate Reforged Top 8,Electrolyze,1
Jelger Wiegersma - Pro Tour Fate Reforged Top 8,Splinter Twin,4
Jelger Wiegersma - Pro Tour Fate Reforged Top 8,Blood Moon,2
Jelger Wiegersma - Pro Tour Fate Reforged Top 8,Mountain,1
Jelger Wiegersma - Pro Tour Fate Reforged Top 8,Island,10
Jelger Wiegersma - Pro Tour Fate Reforged Top 8,Steam Vents,3
Jelger Wiegersma - Pro Tour Fate Reforged Top 8,Breeding Pool,1
Jelger Wiegersma - Pro Tour Fate Reforged Top 8,Scalding Tarn,4
Jelger Wiegersma - Pro Tour Fate Reforged Top 8,Misty Rainforest,2
Jelger Wiegersma - Pro Tour Fate Reforged Top 8,Flooded Strand,2
Jesse Hampton - Pro Tour Fate Reforged Top 8,Liliana of the Veil,4
Jesse Hampton - Pro Tour Fate Reforged Top 8,"Tasigur, the Golden Fang",2
Jesse Hampton - Pro Tour Fate Reforged Top 8,Siege Rhino,4
Jesse Hampton - Pro Tour Fate Reforged Top 8,Tarmogoyf,4
Jesse Hampton - Pro Tour Fate Reforged Top 8,Scavenging Ooze,2
Jesse Hampton - Pro Tour Fate Reforged Top 8,Lingering Souls,4
Jesse Hampton - Pro Tour Fate Reforged Top 8,Thoughtseize,4
Jesse Hampton - Pro Tour Fate Reforged Top 8,Inquisition of Kozilek,3
Jesse Hampton - Pro Tour Fate Reforged Top 8,Maelstrom Pulse,1
Jesse Hampton - Pro Tour Fate Reforged Top 8,Abrupt Decay,4
Jesse Hampton - Pro Tour Fate Reforged Top 8,Dismember,1
Jesse Hampton - Pro Tour Fate Reforged Top 8,Path to Exile,2
Jesse Hampton - Pro Tour Fate Reforged Top 8,Windswept Heath,4
Jesse Hampton - Pro Tour Fate Reforged Top 8,Marsh Flats,2
Jesse Hampton - Pro Tour Fate Reforged Top 8,Verdant Catacombs,4
Jesse Hampton - Pro Tour Fate Reforged Top 8,Stirring Wildwood,2
Jesse Hampton - Pro Tour Fate Reforged Top 8,Overgrown Tomb,2
Jesse Hampton - Pro Tour Fate Reforged Top 8,Godless Shrine,1
Jesse Hampton - Pro Tour Fate Reforged Top 8,Twilight Mire,1
Jesse Hampton - Pro Tour Fate Reforged Top 8,"Urborg, Tomb of Yawgmoth",1
Jesse Hampton - Pro Tour Fate Reforged Top 8,Vault of the Archangel,1
Jesse Hampton - Pro Tour Fate Reforged Top 8,Temple Garden,1
Jesse Hampton - Pro Tour Fate Reforged Top 8,Treetop Village,2
Jesse Hampton - Pro Tour Fate Reforged Top 8,Swamp,2
Jesse Hampton - Pro Tour Fate Reforged Top 8,Forest,1
Jesse Hampton - Pro Tour Fate Reforged Top 8,Plains,1
Eric Froehlich - Pro Tour Fate Reforged Top 8,Liliana of the Veil,3
Eric Froehlich - Pro Tour Fate Reforged Top 8,Noble Hierarch,3
Eric Froehlich - Pro Tour Fate Reforged Top 8,Tarmogoyf,4
Eric Froehlich - Pro Tour Fate Reforged Top 8,Scavenging Ooze,2
Eric Froehlich - Pro Tour Fate Reforged Top 8,Siege Rhino,4
Eric Froehlich - Pro Tour Fate Reforged Top 8,"Tasigur, the Golden Fang",2
Eric Froehlich - Pro Tour Fate Reforged Top 8,Lingering Souls,4
Eric Froehlich - Pro Tour Fate Reforged Top 8,Thoughtseize,3
Eric Froehlich - Pro Tour Fate Reforged Top 8,Inquisition of Kozilek,3
Eric Froehlich - Pro Tour Fate Reforged Top 8,Path to Exile,3
Eric Froehlich - Pro Tour Fate Reforged Top 8,Abrupt Decay,3
Eric Froehlich - Pro Tour Fate Reforged Top 8,Dismember,1
Eric Froehlich - Pro Tour Fate Reforged Top 8,Batterskull,1
Eric Froehlich - Pro Tour Fate Reforged Top 8,Verdant Catacombs,4
Eric Froehlich - Pro Tour Fate Reforged Top 8,Marsh Flats,4
Eric Froehlich - Pro Tour Fate Reforged Top 8,Windswept Heath,1
Eric Froehlich - Pro Tour Fate Reforged Top 8,Overgrown Tomb,2
Eric Froehlich - Pro Tour Fate Reforged Top 8,Temple Garden,1
Eric Froehlich - Pro Tour Fate Reforged Top 8,Godless Shrine,1
Eric Froehlich - Pro Tour Fate Reforged Top 8,Forest,1
Eric Froehlich - Pro Tour Fate Reforged Top 8,Plains,1
Eric Froehlich - Pro Tour Fate Reforged Top 8,Swamp,2
Eric Froehlich - Pro Tour Fate Reforged Top 8,Treetop Village,2
Eric Froehlich - Pro Tour Fate Reforged Top 8,Twilight Mire,2
Eric Froehlich - Pro Tour Fate Reforged Top 8,Gavony Township,2
Eric Froehlich - Pro Tour Fate Reforged Top 8,"Urborg, Tomb of Yawgmoth",1
Seth Manfield - Pro Tour Fate Reforged Top 8,Monastery Swiftspear,4
Seth Manfield - Pro Tour Fate Reforged Top 8,Goblin Guide,4
Seth Manfield - Pro Tour Fate Reforged Top 8,Eidolon of the Great Revel,4
Seth Manfield - Pro Tour Fate Reforged Top 8,Grim Lavamancer,1
Seth Manfield - Pro Tour Fate Reforged Top 8,Rift Bolt,4
Seth Manfield - Pro Tour Fate Reforged Top 8,Lava Spike,4
Seth Manfield - Pro Tour Fate Reforged Top 8,Skullcrack,4
Seth Manfield - Pro Tour Fate Reforged Top 8,Searing Blaze,4
Seth Manfield - Pro Tour Fate Reforged Top 8,Boros Charm,4
Seth Manfield - Pro Tour Fate Reforged Top 8,Lightning Bolt,4
Seth Manfield - Pro Tour Fate Reforged Top 8,Shard Volley,2
Seth Manfield - Pro Tour Fate Reforged Top 8,Lightning Helix,2
Seth Manfield - Pro Tour Fate Reforged Top 8,Arid Mesa,4
Seth Manfield - Pro Tour Fate Reforged Top 8,Wooded Foothills,4
Seth Manfield - Pro Tour Fate Reforged Top 8,Sacred Foundry,3
Seth Manfield - Pro Tour Fate Reforged Top 8,Mountain,2
Seth Manfield - Pro Tour Fate Reforged Top 8,Bloodstained Mire,1
Seth Manfield - Pro Tour Fate Reforged Top 8,Stomping Ground,1
Seth Manfield - Pro Tour Fate Reforged Top 8,Scalding Tarn,4
Jacob Wilson - Pro Tour Fate Reforged Top 8,Noble Hierarch,4
Jacob Wilson - Pro Tour Fate Reforged Top 8,Birds of Paradise,4
Jacob Wilson - Pro Tour Fate Reforged Top 8,Voice of Resurgence,4
Jacob Wilson - Pro Tour Fate Reforged Top 8,Qasali Pridemage,2
Jacob Wilson - Pro Tour Fate Reforged Top 8,Kitchen Finks,3
Jacob Wilson - Pro Tour Fate Reforged Top 8,Loxodon Smiter,3
Jacob Wilson - Pro Tour Fate Reforged Top 8,Siege Rhino,4
Jacob Wilson - Pro Tour Fate Reforged Top 8,Wilt-Leaf Liege,3
Jacob Wilson - Pro Tour Fate Reforged Top 8,Lingering Souls,4
Jacob Wilson - Pro Tour Fate Reforged Top 8,Thoughtseize,2
Jacob Wilson - Pro Tour Fate Reforged Top 8,Path to Exile,4
Jacob Wilson - Pro Tour Fate Reforged Top 8,Gavony Township,3
Jacob Wilson - Pro Tour Fate Reforged Top 8,Forest,3
Jacob Wilson - Pro Tour Fate Reforged Top 8,Swamp,1
Jacob Wilson - Pro Tour Fate Reforged Top 8,Plains,1
Jacob Wilson - Pro Tour Fate Reforged Top 8,Razorverge Thicket,3
Jacob Wilson - Pro Tour Fate Reforged Top 8,Godless Shrine,1
Jacob Wilson - Pro Tour Fate Reforged Top 8,Overgrown Tomb,1
Jacob Wilson - Pro Tour Fate Reforged Top 8,Temple Garden,1
Jacob Wilson - Pro Tour Fate Reforged Top 8,Verdant Catacombs,4
Jacob Wilson - Pro Tour Fate Reforged Top 8,Windswept Heath,4
Jacob Wilson - Pro Tour Fate Reforged Top 8,Marsh Flats,1
Lee Shi Tian - Pro Tour Fate Reforged Top 8,Goblin Guide,4
Lee Shi Tian - Pro Tour Fate Reforged Top 8,Monastery Swiftspear,4
Lee Shi Tian - Pro Tour Fate Reforged Top 8,Grim Lavamancer,2
Lee Shi Tian - Pro Tour Fate Reforged Top 8,Eidolon of the Great Revel,4
Lee Shi Tian - Pro Tour Fate Reforged Top 8,Lava Spike,4
Lee Shi Tian - Pro Tour Fate Reforged Top 8,Rift Bolt,4
Lee Shi Tian - Pro Tour Fate Reforged Top 8,Lightning Bolt,4
Lee Shi Tian - Pro Tour Fate Reforged Top 8,Shard Volley,2
Lee Shi Tian - Pro Tour Fate Reforged Top 8,Boros Charm,4
Lee Shi Tian - Pro Tour Fate Reforged Top 8,Lightning Helix,3
Lee Shi Tian - Pro Tour Fate Reforged Top 8,Skullcrack,2
Lee Shi Tian - Pro Tour Fate Reforged Top 8,Searing Blaze,3
Lee Shi Tian - Pro Tour Fate Reforged Top 8,Scalding Tarn,4
Lee Shi Tian - Pro Tour Fate Reforged Top 8,Bloodstained Mire,4
Lee Shi Tian - Pro Tour Fate Reforged Top 8,Wooded Foothills,4
Lee Shi Tian - Pro Tour Fate Reforged Top 8,Arid Mesa,1
Lee Shi Tian - Pro Tour Fate Reforged Top 8,Sacred Foundry,3
Lee Shi Tian - Pro Tour Fate Reforged Top 8,Mountain,3
Lee Shi Tian - Pro Tour Fate Reforged Top 8,Stomping Ground,1
PHILIPP SCHONEGGER - TOP 8 GRAND PRIX NEW JERSEY 2014,"Jace, the Mind Sculptor",3
PHILIPP SCHONEGGER - TOP 8 GRAND PRIX NEW JERSEY 2014,Snapcaster Mage,3
PHILIPP SCHONEGGER - TOP 8 GRAND PRIX NEW JERSEY 2014,Ponder,4
PHILIPP SCHONEGGER - TOP 8 GRAND PRIX NEW JERSEY 2014,Terminus,4
PHILIPP SCHONEGGER - TOP 8 GRAND PRIX NEW JERSEY 2014,Entreat the Angels,2
PHILIPP SCHONEGGER - TOP 8 GRAND PRIX NEW JERSEY 2014,Brainstorm,4
PHILIPP SCHONEGGER - TOP 8 GRAND PRIX NEW JERSEY 2014,Force of Will,4
PHILIPP SCHONEGGER - TOP 8 GRAND PRIX NEW JERSEY 2014,Swords to Plowshares,4
PHILIPP SCHONEGGER - TOP 8 GRAND PRIX NEW JERSEY 2014,Counterspell,1
PHILIPP SCHONEGGER - TOP 8 GRAND PRIX NEW JERSEY 2014,Red Elemental Blast,1
PHILIPP SCHONEGGER - TOP 8 GRAND PRIX NEW JERSEY 2014,Pyroblast,1
PHILIPP SCHONEGGER - TOP 8 GRAND PRIX NEW JERSEY 2014,Sensei's Divining Top,4
PHILIPP SCHONEGGER - TOP 8 GRAND PRIX NEW JERSEY 2014,Counterbalance,4
PHILIPP SCHONEGGER - TOP 8 GRAND PRIX NEW JERSEY 2014,Tundra,3
PHILIPP SCHONEGGER - TOP 8 GRAND PRIX NEW JERSEY 2014,Volcanic Island,3
PHILIPP SCHONEGGER - TOP 8 GRAND PRIX NEW JERSEY 2014,Scalding Tarn,3
PHILIPP SCHONEGGER - TOP 8 GRAND PRIX NEW JERSEY 2014,Flooded Strand,4
PHILIPP SCHONEGGER - TOP 8 GRAND PRIX NEW JERSEY 2014,Arid Mesa,2
PHILIPP SCHONEGGER - TOP 8 GRAND PRIX NEW JERSEY 2014,Island,4
PHILIPP SCHONEGGER - TOP 8 GRAND PRIX NEW JERSEY 2014,Plains,2
ROYCE WALTER - TOP 8 GRAND PRIX NEW JERSEY 2014,Ponder,4
ROYCE WALTER - TOP 8 GRAND PRIX NEW JERSEY 2014,Gitaxian Probe,4
ROYCE WALTER - TOP 8 GRAND PRIX NEW JERSEY 2014,Preordain,3
ROYCE WALTER - TOP 8 GRAND PRIX NEW JERSEY 2014,Cabal Therapy,3
ROYCE WALTER - TOP 8 GRAND PRIX NEW JERSEY 2014,Duress,4
ROYCE WALTER - TOP 8 GRAND PRIX NEW JERSEY 2014,Infernal Tutor,4
ROYCE WALTER - TOP 8 GRAND PRIX NEW JERSEY 2014,Tendrils of Agony,1
ROYCE WALTER - TOP 8 GRAND PRIX NEW JERSEY 2014,Past in Flames,1
ROYCE WALTER - TOP 8 GRAND PRIX NEW JERSEY 2014,Brainstorm,4
ROYCE WALTER - TOP 8 GRAND PRIX NEW JERSEY 2014,Dark Ritual,4
ROYCE WALTER - TOP 8 GRAND PRIX NEW JERSEY 2014,Cabal Ritual,4
ROYCE WALTER - TOP 8 GRAND PRIX NEW JERSEY 2014,Ad Nauseam,1
ROYCE WALTER - TOP 8 GRAND PRIX NEW JERSEY 2014,Lotus Petal,4
ROYCE WALTER - TOP 8 GRAND PRIX NEW JERSEY 2014,Lion's Eye Diamond,4
ROYCE WALTER - TOP 8 GRAND PRIX NEW JERSEY 2014,Scalding Tarn,2
ROYCE WALTER - TOP 8 GRAND PRIX NEW JERSEY 2014,Misty Rainforest,1
ROYCE WALTER - TOP 8 GRAND PRIX NEW JERSEY 2014,Flooded Strand,1
ROYCE WALTER - TOP 8 GRAND PRIX NEW JERSEY 2014,Polluted Delta,4
ROYCE WALTER - TOP 8 GRAND PRIX NEW JERSEY 2014,Tropical Island,1
ROYCE WALTER - TOP 8 GRAND PRIX NEW JERSEY 2014,Underground Sea,2
ROYCE WALTER - TOP 8 GRAND PRIX NEW JERSEY 2014,Volcanic Island,1
ROYCE WALTER - TOP 8 GRAND PRIX NEW JERSEY 2014,Island,2
ROYCE WALTER - TOP 8 GRAND PRIX NEW JERSEY 2014,Swamp,1
BRIAN BRAUN-DUIN - TOP 8 GRAND PRIX NEW JERSEY 2014,Young Pyromancer,4
BRIAN BRAUN-DUIN - TOP 8 GRAND PRIX NEW JERSEY 2014,Stoneforge Mystic,4
BRIAN BRAUN-DUIN - TOP 8 GRAND PRIX NEW JERSEY 2014,True-Name Nemesis,2
BRIAN BRAUN-DUIN - TOP 8 GRAND PRIX NEW JERSEY 2014,Gitaxian Probe,4
BRIAN BRAUN-DUIN - TOP 8 GRAND PRIX NEW JERSEY 2014,Ponder,4
BRIAN BRAUN-DUIN - TOP 8 GRAND PRIX NEW JERSEY 2014,Treasure Cruise,4
BRIAN BRAUN-DUIN - TOP 8 GRAND PRIX NEW JERSEY 2014,Brainstorm,4
BRIAN BRAUN-DUIN - TOP 8 GRAND PRIX NEW JERSEY 2014,Force of Will,4
BRIAN BRAUN-DUIN - TOP 8 GRAND PRIX NEW JERSEY 2014,Spell Pierce,2
BRIAN BRAUN-DUIN - TOP 8 GRAND PRIX NEW JERSEY 2014,Pyroblast,2
BRIAN BRAUN-DUIN - TOP 8 GRAND PRIX NEW JERSEY 2014,Lightning Bolt,3
BRIAN BRAUN-DUIN - TOP 8 GRAND PRIX NEW JERSEY 2014,Swords to Plowshares,3
BRIAN BRAUN-DUIN - TOP 8 GRAND PRIX NEW JERSEY 2014,Batterskull,1
BRIAN BRAUN-DUIN - TOP 8 GRAND PRIX NEW JERSEY 2014,Umezawa's Jitte,1
BRIAN BRAUN-DUIN - TOP 8 GRAND PRIX NEW JERSEY 2014,Volcanic Island,3
BRIAN BRAUN-DUIN - TOP 8 GRAND PRIX NEW JERSEY 2014,Tundra,3
BRIAN BRAUN-DUIN - TOP 8 GRAND PRIX NEW JERSEY 2014,Flooded Strand,4
BRIAN BRAUN-DUIN - TOP 8 GRAND PRIX NEW JERSEY 2014,Scalding Tarn,4
BRIAN BRAUN-DUIN - TOP 8 GRAND PRIX NEW JERSEY 2014,Arid Mesa,2
BRIAN BRAUN-DUIN - TOP 8 GRAND PRIX NEW JERSEY 2014,Plains,1
BRIAN BRAUN-DUIN - TOP 8 GRAND PRIX NEW JERSEY 2014,Island,1
TOM ROSS - TOP 8 GRAND PRIX NEW JERSEY 2014,Glistener Elf,4
TOM ROSS - TOP 8 GRAND PRIX NEW JERSEY 2014,Blighted Agent,4
TOM ROSS - TOP 8 GRAND PRIX NEW JERSEY 2014,Noble Hierarch,4
TOM ROSS - TOP 8 GRAND PRIX NEW JERSEY 2014,Treasure Cruise,1
TOM ROSS - TOP 8 GRAND PRIX NEW JERSEY 2014,Gitaxian Probe,3
TOM ROSS - TOP 8 GRAND PRIX NEW JERSEY 2014,Daze,3
TOM ROSS - TOP 8 GRAND PRIX NEW JERSEY 2014,Force of Will,3
TOM ROSS - TOP 8 GRAND PRIX NEW JERSEY 2014,Spell Pierce,2
TOM ROSS - TOP 8 GRAND PRIX NEW JERSEY 2014,Brainstorm,4
TOM ROSS - TOP 8 GRAND PRIX NEW JERSEY 2014,Invigorate,4
TOM ROSS - TOP 8 GRAND PRIX NEW JERSEY 2014,Vines of Vastwood,3
TOM ROSS - TOP 8 GRAND PRIX NEW JERSEY 2014,Become Immense,1
TOM ROSS - TOP 8 GRAND PRIX NEW JERSEY 2014,Crop Rotation,2
TOM ROSS - TOP 8 GRAND PRIX NEW JERSEY 2014,Berserk,2
TOM ROSS - TOP 8 GRAND PRIX NEW JERSEY 2014,Verdant Catacombs,4
TOM ROSS - TOP 8 GRAND PRIX NEW JERSEY 2014,Misty Rainforest,4
TOM ROSS - TOP 8 GRAND PRIX NEW JERSEY 2014,Wooded Foothills,1
TOM ROSS - TOP 8 GRAND PRIX NEW JERSEY 2014,Tropical Island,4
TOM ROSS - TOP 8 GRAND PRIX NEW JERSEY 2014,Forest,1
TOM ROSS - TOP 8 GRAND PRIX NEW JERSEY 2014,Wasteland,1
TOM ROSS - TOP 8 GRAND PRIX NEW JERSEY 2014,Inkmoth Nexus,4
TOM ROSS - TOP 8 GRAND PRIX NEW JERSEY 2014,Pendelhaven,1
DAN JORDAN - TOP 8 GRAND PRIX NEW JERSEY 2014,Young Pyromancer,4
DAN JORDAN - TOP 8 GRAND PRIX NEW JERSEY 2014,Delver of Secrets,4
DAN JORDAN - TOP 8 GRAND PRIX NEW JERSEY 2014,Monastery Swiftspear,4
DAN JORDAN - TOP 8 GRAND PRIX NEW JERSEY 2014,Gitaxian Probe,4
DAN JORDAN - TOP 8 GRAND PRIX NEW JERSEY 2014,Ponder,4
DAN JORDAN - TOP 8 GRAND PRIX NEW JERSEY 2014,Treasure Cruise,4
DAN JORDAN - TOP 8 GRAND PRIX NEW JERSEY 2014,Forked Bolt,3
DAN JORDAN - TOP 8 GRAND PRIX NEW JERSEY 2014,Pyroblast,1
DAN JORDAN - TOP 8 GRAND PRIX NEW JERSEY 2014,Brainstorm,4
DAN JORDAN - TOP 8 GRAND PRIX NEW JERSEY 2014,Daze,4
DAN JORDAN - TOP 8 GRAND PRIX NEW JERSEY 2014,Force of Will,4
DAN JORDAN - TOP 8 GRAND PRIX NEW JERSEY 2014,Lightning Bolt,4
DAN JORDAN - TOP 8 GRAND PRIX NEW JERSEY 2014,Volcanic Island,4
DAN JORDAN - TOP 8 GRAND PRIX NEW JERSEY 2014,Wooded Foothills,1
DAN JORDAN - TOP 8 GRAND PRIX NEW JERSEY 2014,Misty Rainforest,4
DAN JORDAN - TOP 8 GRAND PRIX NEW JERSEY 2014,Scalding Tarn,4
DAN JORDAN - TOP 8 GRAND PRIX NEW JERSEY 2014,Mountain,1
DAN JORDAN - TOP 8 GRAND PRIX NEW JERSEY 2014,Island,2
PHILLIP BRAVERMAN - TOP 8 GRAND PRIX NEW JERSEY 2014,"Jace, the Mind Sculptor",3
PHILLIP BRAVERMAN - TOP 8 GRAND PRIX NEW JERSEY 2014,Snapcaster Mage,1
PHILLIP BRAVERMAN - TOP 8 GRAND PRIX NEW JERSEY 2014,Stoneforge Mystic,2
PHILLIP BRAVERMAN - TOP 8 GRAND PRIX NEW JERSEY 2014,Vendilion Clique,1
PHILLIP BRAVERMAN - TOP 8 GRAND PRIX NEW JERSEY 2014,Preordain,1
PHILLIP BRAVERMAN - TOP 8 GRAND PRIX NEW JERSEY 2014,Terminus,4
PHILLIP BRAVERMAN - TOP 8 GRAND PRIX NEW JERSEY 2014,Brainstorm,4
PHILLIP BRAVERMAN - TOP 8 GRAND PRIX NEW JERSEY 2014,Swords to Plowshares,4
PHILLIP BRAVERMAN - TOP 8 GRAND PRIX NEW JERSEY 2014,Spell Pierce,1
PHILLIP BRAVERMAN - TOP 8 GRAND PRIX NEW JERSEY 2014,Counterspell,1
PHILLIP BRAVERMAN - TOP 8 GRAND PRIX NEW JERSEY 2014,Force of Will,4
PHILLIP BRAVERMAN - TOP 8 GRAND PRIX NEW JERSEY 2014,Dig Through Time,1
PHILLIP BRAVERMAN - TOP 8 GRAND PRIX NEW JERSEY 2014,Pyroblast,2
PHILLIP BRAVERMAN - TOP 8 GRAND PRIX NEW JERSEY 2014,Sensei's Divining Top,4
PHILLIP BRAVERMAN - TOP 8 GRAND PRIX NEW JERSEY 2014,Batterskull,1
PHILLIP BRAVERMAN - TOP 8 GRAND PRIX NEW JERSEY 2014,Counterbalance,4
PHILLIP BRAVERMAN - TOP 8 GRAND PRIX NEW JERSEY 2014,Tundra,3
PHILLIP BRAVERMAN - TOP 8 GRAND PRIX NEW JERSEY 2014,Volcanic Island,1
PHILLIP BRAVERMAN - TOP 8 GRAND PRIX NEW JERSEY 2014,Karakas,1
PHILLIP BRAVERMAN - TOP 8 GRAND PRIX NEW JERSEY 2014,Island,4
PHILLIP BRAVERMAN - TOP 8 GRAND PRIX NEW JERSEY 2014,Plains,2
PHILLIP BRAVERMAN - TOP 8 GRAND PRIX NEW JERSEY 2014,Mountain,1
PHILLIP BRAVERMAN - TOP 8 GRAND PRIX NEW JERSEY 2014,Flooded Strand,4
PHILLIP BRAVERMAN - TOP 8 GRAND PRIX NEW JERSEY 2014,Scalding Tarn,4
PHILLIP BRAVERMAN - TOP 8 GRAND PRIX NEW JERSEY 2014,Arid Mesa,2
LAM PHAN - TOP 8 GRAND PRIX NEW JERSEY 2014,"Jace, the Mind Sculptor",1
LAM PHAN - TOP 8 GRAND PRIX NEW JERSEY 2014,Snapcaster Mage,3
LAM PHAN - TOP 8 GRAND PRIX NEW JERSEY 2014,Treasure Cruise,1
LAM PHAN - TOP 8 GRAND PRIX NEW JERSEY 2014,Stifle,4
LAM PHAN - TOP 8 GRAND PRIX NEW JERSEY 2014,Spell Pierce,3
LAM PHAN - TOP 8 GRAND PRIX NEW JERSEY 2014,Spell Snare,3
LAM PHAN - TOP 8 GRAND PRIX NEW JERSEY 2014,Counterspell,2
LAM PHAN - TOP 8 GRAND PRIX NEW JERSEY 2014,Force of Will,4
LAM PHAN - TOP 8 GRAND PRIX NEW JERSEY 2014,Brainstorm,4
LAM PHAN - TOP 8 GRAND PRIX NEW JERSEY 2014,Dig Through Time,1
LAM PHAN - TOP 8 GRAND PRIX NEW JERSEY 2014,Lightning Bolt,4
LAM PHAN - TOP 8 GRAND PRIX NEW JERSEY 2014,Sudden Shock,3
LAM PHAN - TOP 8 GRAND PRIX NEW JERSEY 2014,Standstill,3
LAM PHAN - TOP 8 GRAND PRIX NEW JERSEY 2014,Wasteland,4
LAM PHAN - TOP 8 GRAND PRIX NEW JERSEY 2014,Mishra's Factory,4
LAM PHAN - TOP 8 GRAND PRIX NEW JERSEY 2014,Faerie Conclave,2
LAM PHAN - TOP 8 GRAND PRIX NEW JERSEY 2014,Wooded Foothills,1
LAM PHAN - TOP 8 GRAND PRIX NEW JERSEY 2014,Flooded Strand,1
LAM PHAN - TOP 8 GRAND PRIX NEW JERSEY 2014,Misty Rainforest,1
LAM PHAN - TOP 8 GRAND PRIX NEW JERSEY 2014,Scalding Tarn,4
LAM PHAN - TOP 8 GRAND PRIX NEW JERSEY 2014,Volcanic Island,4
LAM PHAN - TOP 8 GRAND PRIX NEW JERSEY 2014,Snow-Covered Island,2
LAM PHAN - TOP 8 GRAND PRIX NEW JERSEY 2014,Snow-Covered Mountain,1
JOSEPH SANTONASSINO - TOP 8 GRAND PRIX NEW JERSEY 2014,Metalworker,4
JOSEPH SANTONASSINO - TOP 8 GRAND PRIX NEW JERSEY 2014,Lodestone Golem,4
JOSEPH SANTONASSINO - TOP 8 GRAND PRIX NEW JERSEY 2014,Kuldotha Forgemaster,4
JOSEPH SANTONASSINO - TOP 8 GRAND PRIX NEW JERSEY 2014,Wurmcoil Engine,3
JOSEPH SANTONASSINO - TOP 8 GRAND PRIX NEW JERSEY 2014,Sundering Titan,3
JOSEPH SANTONASSINO - TOP 8 GRAND PRIX NEW JERSEY 2014,Platinum Angel,1
JOSEPH SANTONASSINO - TOP 8 GRAND PRIX NEW JERSEY 2014,Blightsteel Colossus,1
JOSEPH SANTONASSINO - TOP 8 GRAND PRIX NEW JERSEY 2014,Chalice of the Void,4
JOSEPH SANTONASSINO - TOP 8 GRAND PRIX NEW JERSEY 2014,Trinisphere,4
JOSEPH SANTONASSINO - TOP 8 GRAND PRIX NEW JERSEY 2014,Lightning Greaves,1
JOSEPH SANTONASSINO - TOP 8 GRAND PRIX NEW JERSEY 2014,Staff of Nin,1
JOSEPH SANTONASSINO - TOP 8 GRAND PRIX NEW JERSEY 2014,Staff of Domination,1
JOSEPH SANTONASSINO - TOP 8 GRAND PRIX NEW JERSEY 2014,Grim Monolith,4
JOSEPH SANTONASSINO - TOP 8 GRAND PRIX NEW JERSEY 2014,Spine of Ish Sah,1
JOSEPH SANTONASSINO - TOP 8 GRAND PRIX NEW JERSEY 2014,Ancient Tomb,4
JOSEPH SANTONASSINO - TOP 8 GRAND PRIX NEW JERSEY 2014,City of Traitors,4
JOSEPH SANTONASSINO - TOP 8 GRAND PRIX NEW JERSEY 2014,Cloudpost,4
JOSEPH SANTONASSINO - TOP 8 GRAND PRIX NEW JERSEY 2014,Glimmerpost,4
JOSEPH SANTONASSINO - TOP 8 GRAND PRIX NEW JERSEY 2014,Vesuva,3
JOSEPH SANTONASSINO - TOP 8 GRAND PRIX NEW JERSEY 2014,Cavern of Souls,3
JOSEPH SANTONASSINO - TOP 8 GRAND PRIX NEW JERSEY 2014,Wasteland,2
